predictor,label,Effect,NumDF,DenDF,ChiSq,FValue,ProbChiSq,ProbF,adjusted,fdr_p
idbloodgroupcat,HB,predictorvalue,1,91328,597.57,597.57,5.66088E-132,1.5030467E-131,0,8.41706E-129
meandonationtime,EVF,predspline,2,55543,505.05,252.53,2.13661E-110,6.6886180E-110,0,1.87281E-107
meanstoragetime,HB,predspline,2,91286,400.63,200.32,1.008085E-87,1.5625884E-87,0,2.916832E-85
meandonorhb,HB,predspline,2,90585,379.02,189.51,4.97527E-83,7.3879132E-83,0,1.034308E-80
meanstoragetime,EVF,predspline,2,55633,233.50,116.75,1.9744E-51,2.5208501E-51,0,2.823352E-49
donorparity,HB,predictorvalue,2,91402,216.51,108.25,9.684168E-48,1.1006680E-47,0,1.02729E-45
meandonorsex,HB,predictorvalue,1,91403,207.10,207.10,5.902084E-47,6.6430199E-47,0,5.314416E-45
meanstoragetime,ERYTRO,predspline,2,36539,189.39,94.70,7.471724E-42,9.5420332E-42,0,6.679423E-40
meandonorage,MCV,predspline,2,36815,135.50,67.75,3.765435E-30,4.2641538E-30,0,2.653251E-28
meandonorhb,ERYTRO,predspline,2,36198,122.40,61.20,2.633364E-27,2.9197721E-27,0,1.635072E-25
meanstoragetime,MCV,predspline,2,36763,114.14,57.07,1.6398E-25,1.7913789E-25,0,9.119747E-24
numdoncat,EVF,predictorvalue,4,55732,100.00,25.00,9.832105E-21,1.0264592E-20,0,4.790143E-19
idbloodgroupcat,TPK,predictorvalue,1,54068,71.14,71.14,3.330675E-17,3.4116883E-17,0,1.46965E-15
meandonorage,MCH,predspline,2,36906,72.67,36.34,1.657575E-16,1.7178669E-16,0,6.871468E-15
idbloodgroupcat,ERYTRO,predictorvalue,1,36564,62.70,62.70,2.408931E-15,2.4765865E-15,0,9.245923E-14
idbloodgroupcat,CL,predictorvalue,1,21046,59.34,59.34,1.328067E-14,1.3866182E-14,0,4.853164E-13
meandonorsex,ERYTRO,predictorvalue,1,36593,59.14,59.14,1.468424E-14,1.5051012E-14,0,4.957981E-13
donorparity,ERYTRO,predictorvalue,2,36592,59.14,29.57,1.438322E-13,1.4730675E-13,0,4.582877E-12
donorparity,MCV,predictorvalue,2,36815,56.29,28.14,5.995168E-13,6.1254068E-13,0,1.805383E-11
meandonorhb,MCHC,predspline,2,23853,54.09,27.05,1.792898E-12,1.8486511E-12,0,5.176223E-11
idbloodgroupcat,BILI,predictorvalue,1,22333,46.59,46.59,8.772683E-12,8.9973898E-12,0,2.399304E-10
meandonorsex,MCV,predictorvalue,1,36816,41.25,41.25,1.336261E-10,1.3525320E-10,0,3.4428088E-9
timesincecat,EVF,predictorvalue,3,55733,44.18,14.73,1.3820801E-9,1.3936929E-09,0,3.3933393E-8
numdoncat,HB,predictorvalue,4,91456,40.40,10.10,3.5801799E-8,3.5946701E-08,0,8.3875635E-7
meanstoragetime,TPK,predspline,2,54034,34.19,17.09,3.7713196E-8,3.7917589E-08,0,8.49354E-7
meandonorhb,MCH,predspline,2,36507,30.83,15.41,2.0241838E-7,2.0373910E-07,0,4.3882269E-6
meanstoragetime,MCH,predspline,2,36854,30.32,15.16,2.6069915E-7,2.6232906E-07,0,5.4408991E-6
idbloodgroupcat,CA_F,predictorvalue,1,20342,25.80,25.80,3.7882327E-7,3.8217073E-07,0,7.6434147E-6
donorparity,EVF,predictorvalue,2,55707,28.65,14.33,6.0009934E-7,6.0231358E-07,0,0.0000116309
meandonorsex,EVF,predictorvalue,1,55708,24.67,24.67,6.7961787E-7,6.8162496E-07,0,0.0000125518
meandonorhb,MCV,predspline,2,36419,28.37,14.19,6.9100552E-7,6.9483194E-07,0,0.0000125518
meanweekday,EVF,predictorvalue,5,55720,35.83,7.17,1.0254183E-6,1.0304127E-06,0,0.0000180322
meandonorhb,EVF,predspline,2,55162,22.94,11.47,0.0000104458,1.0470776E-05,0,0.0001776859
idbloodgroupcat,KREA,predictorvalue,1,50286,17.82,17.82,0.0000243382,2.4380888E-05,0,0.0004015676
meanstoragetime,COHB,predspline,2,14181,20.10,10.05,0.0000432065,4.3514992E-05,0,0.000687285
meanstoragetime,BILI,predspline,2,22324,20.06,10.03,0.000043984,4.4182610E-05,0,0.000687285
meandonorage,EVF,predspline,2,55706,19.42,9.71,0.0000606622,6.0764894E-05,0,0.0009196849
idbloodgroupcat,LAKTAT,predictorvalue,1,18859,14.95,14.95,0.0001105586,1.1092934E-04,0,0.0016347481
meanstoragetime,APTT,predspline,2,22072,17.97,8.98,0.0001255643,1.2602394E-04,0,0.0018095745
meandonorage,HB,predspline,2,91398,17.64,8.82,0.0001478259,1.4795172E-04,0,0.0020713241
meandonorsex,MCHC,predictorvalue,1,23926,13.90,13.90,0.00019276,1.9320426E-04,0,0.0026388875
idbloodgroupcat,PCO2,predictorvalue,1,16447,13.70,13.70,0.0002143278,2.1502737E-04,0,0.0028670316
timesincecat,HB,predictorvalue,3,91457,19.44,6.48,0.0002222025,2.2240999E-04,0,0.0028965022
meandonorhb,TPK,predspline,2,53553,15.30,7.65,0.0004748566,4.7537607E-04,0,0.0060502409
donorparity,MCHC,predictorvalue,2,23925,14.53,7.26,0.000701093,7.0263979E-04,0,0.0087439618
meandonorhb,BILI,predspline,2,22164,14.15,7.08,0.0008459344,8.4784630E-04,0,0.0103216072
timesincecat,ERYTRO,predictorvalue,3,36611,16.47,5.49,0.0009075794,9.0907357E-04,0,0.0108315149
idbloodgroupcat,TRI,predictorvalue,1,2546,10.87,10.87,0.0009796101,9.9305810E-04,0,0.0115856779
idbloodgroupcat,COHB,predictorvalue,1,14182,10.45,10.45,0.0012236568,1.2264554E-03,0,0.0140166326
meanstoragetime,SR,predspline,2,84,13.82,6.91,0.0009996824,1.6691181E-03,0,0.0186941226
numdoncat,ERYTRO,predictorvalue,4,36610,16.18,4.04,0.0027914885,2.7953804E-03,0,0.0306943727
meanstoragetime,CL,predspline,2,21041,11.24,5.62,0.0036276971,3.6331431E-03,0,0.0384388081
numdoncat,BILI_K,predictorvalue,4,4820,15.59,3.90,0.0036173811,3.6527184E-03,0,0.0384388081
meanweekday,PCO2,predictorvalue,5,16454,17.42,3.48,0.0037623992,3.7745686E-03,0,0.0384388081
meandonorhb,CL,predspline,2,20846,11.16,5.58,0.0037696059,3.7752401E-03,0,0.0384388081
meanstoragetime,KREA,predspline,2,50248,11.06,5.53,0.0039753131,3.9777308E-03,0,0.0397773084
meanstoragetime,ALB,predspline,2,23051,10.98,5.49,0.0041288716,4.1342716E-03,0,0.0406174052
meandonorsex,MYELO,predictorvalue,1,356,8.07,8.07,0.0045095172,4.7686893E-03,0,0.0460425178
meanweekday,TPK,predictorvalue,5,54119,16.02,3.20,0.0067870947,6.7925529E-03,0,0.0644716889
donorparity,CL,predictorvalue,2,21060,9.95,4.97,0.006919733,6.9278623E-03,0,0.064660048
meanstoragetime,LPK,predspline,2,56237,9.78,4.89,0.0075177264,7.5209239E-03,0,0.0683349805
meandonorsex,BILI,predictorvalue,1,22354,7.13,7.13,0.0075601842,7.5656586E-03,0,0.0683349805
idbloodgroupcat,BILI_K,predictorvalue,1,4819,6.86,6.86,0.0088116212,8.8392324E-03,0,0.0785709549
donorparity,PCO2,predictorvalue,2,16456,9.43,4.71,0.008974242,8.9863610E-03,0,0.078630659
timesincecat,LD,predictorvalue,3,6691,11.52,3.84,0.0092204134,9.2590854E-03,0,0.0797705818
timesincecat,GT,predictorvalue,3,7735,11.42,3.81,0.0096369113,9.6712450E-03,0,0.0820590484
meandonorsex,CA,predictorvalue,1,12734,6.65,6.65,0.0099004902,9.9116001E-03,0,0.0828432247
numdoncat,MCHC,predictorvalue,4,23936,13.19,3.30,0.0103628573,1.0376744E-02,0,0.0854555408
idbloodgroupcat,MCHC,predictorvalue,1,23900,6.37,6.37,0.0116383844,1.1644818E-02,0,0.0934144506
idbloodgroupcat,PO2,predictorvalue,1,16539,6.34,6.34,0.0117725439,1.1781895E-02,0,0.0934144506
donorparity,K,predictorvalue,2,46801,8.87,4.43,0.0118587937,1.1863777E-02,0,0.0934144506
timesincecat,MCV,predictorvalue,3,36834,10.95,3.65,0.012002246,1.2010429E-02,0,0.0934144506
idbloodgroupcat,APTT,predictorvalue,1,22085,6.15,6.15,0.0131314662,1.3138862E-02,0,0.1006871137
timesincecat,MCHC,predictorvalue,3,23937,10.73,3.58,0.0132917432,1.3305083E-02,0,0.1006871137
meandonorhb,RET,predspline,2,487,8.68,4.34,0.0130654453,1.3573990E-02,0,0.1013524604
donorparity,MYELO,predictorvalue,2,355,8.21,4.11,0.0164747673,1.7263582E-02,0,0.1272053374
meandonorhb,HBA1C,predspline,2,179,8.26,4.13,0.0160649028,1.7621903E-02,0,0.1281592943
meandonorsex,CL,predictorvalue,1,21061,5.40,5.40,0.0201233205,2.0132785E-02,0,0.1427594439
meanstoragetime,K,predspline,2,46740,7.81,3.91,0.0201327086,2.0139279E-02,0,0.1427594439
donorparity,BILI,predictorvalue,2,22353,7.71,3.86,0.0211399103,2.1153978E-02,0,0.1480778449
idbloodgroupcat,STDBIK,predictorvalue,1,20278,5.27,5.27,0.0216792962,2.1689448E-02,0,0.14995174
idbloodgroupcat,LPK,predictorvalue,1,56284,5.14,5.14,0.0234424646,2.3446245E-02,0,0.1589865436
meandonorhb,FE,predspline,2,1398,7.52,3.76,0.0233280605,2.3564077E-02,0,0.1589865436
numdoncat,TPK,predictorvalue,4,54134,11.20,2.80,0.0243624282,2.4372274E-02,0,0.1624818268
meandonorage,BILI_K,predspline,2,4822,7.40,3.70,0.0247513592,2.4821615E-02,0,0.163530641
numdoncat,MCV,predictorvalue,4,36833,11.00,2.75,0.0265509959,2.6566097E-02,0,0.172988539
numdoncat,CA,predictorvalue,4,12736,10.95,2.74,0.0271150312,2.7159160E-02,0,0.1743774719
meandonationtime,LPK,predspline,2,56146,7.19,3.60,0.0273958595,2.7402174E-02,0,0.1743774719
meandonationtime,BILI_K,predspline,2,4804,7.17,3.59,0.0277310453,2.7805268E-02,0,0.1749544981
meanstoragetime,TROP_T,predspline,2,4348,7.05,3.53,0.0294024604,2.9486595E-02,0,0.1834721493
meandonorage,K,predspline,2,46800,6.86,3.43,0.03233335,3.2341486E-02,0,0.1979831254
meandonorhb,SR,predspline,2,82,7.15,3.57,0.0280740659,3.2525799E-02,0,0.1979831254
donorparity,CA,predictorvalue,2,12733,6.68,3.34,0.0354909042,3.5521973E-02,0,0.2138957501
idbloodgroupcat,PH,predictorvalue,1,20391,4.28,4.28,0.0384933382,3.8505903E-02,0,0.2293968701
meanstoragetime,PCO2,predspline,2,16439,6.32,3.16,0.0424580174,4.2483797E-02,0,0.2481623311
idbloodgroupcat,K,predictorvalue,1,46765,4.11,4.11,0.0425364576,4.2542114E-02,0,0.2481623311
meanweekday,INR,predictorvalue,5,27918,11.45,2.29,0.0430892161,4.3118334E-02,0,0.2482722518
meandonorage,PCO2,predspline,2,16456,6.27,3.14,0.0434216799,4.3447644E-02,0,0.2482722518
meandonationtime,INR,predspline,2,27809,6.24,3.12,0.0441708101,4.4186269E-02,0,0.2499425326
meanstoragetime,TROP_I,predspline,2,577,6.22,3.11,0.0445399079,4.5288061E-02,0,0.2536131409
numdoncat,K,predictorvalue,4,46822,9.70,2.43,0.0457623161,4.5777453E-02,0,0.2538155832
meanweekday,NEUTRO,predictorvalue,5,10900,11.26,2.25,0.0464724525,4.6549393E-02,0,0.2555652959
donorparity,MCH,predictorvalue,2,36906,6.04,3.02,0.0486974017,4.8709453E-02,0,0.2648280952
meandonorhb,APTT,predspline,2,21940,6.00,3.00,0.0497553332,4.9775752E-02,0,0.2680232823
numdoncat,LPK,predictorvalue,4,56356,9.44,2.36,0.0510953375,5.1108458E-02,0,0.2711494541
meandonorsex,STDBIK,predictorvalue,1,20292,3.80,3.80,0.0513109565,5.1324718E-02,0,0.2711494541
meandonorsex,PCO2,predictorvalue,1,16457,3.75,3.75,0.0529565673,5.2973678E-02,0,0.275265448
meanweekday,BILI_K,predictorvalue,5,4817,10.92,2.18,0.0529037644,5.3086908E-02,0,0.275265448
numdoncat,MCH,predictorvalue,4,36924,9.25,2.31,0.0551759055,5.5196498E-02,0,0.2835783359
meandonorage,GLUKOS,predspline,2,44582,5.69,2.84,0.058178158,5.8188715E-02,0,0.2962334579
meandonorhb,COHB,predspline,2,14021,5.64,2.82,0.0596074535,5.9641261E-02,0,0.3008928505
timesincecat,METHB,predictorvalue,3,15595,7.37,2.46,0.0608844962,6.0925386E-02,0,0.3046269314
idbloodgroupcat,META,predictorvalue,1,377,3.50,3.50,0.0614253554,6.2199984E-02,0,0.3082477093
timesincecat,MCH,predictorvalue,3,36925,7.28,2.43,0.0636112381,6.3628742E-02,0,0.3125622421
idbloodgroupcat,CO2,predictorvalue,1,1069,3.42,3.42,0.0643846411,6.4660524E-02,0,0.3129398822
meandonationtime,NA,predspline,2,46203,5.46,2.73,0.0651753072,6.5185826E-02,0,0.3129398822
meanweekday,HB,predictorvalue,5,91429,10.37,2.07,0.0653716905,6.5382083E-02,0,0.3129398822
meandonorsex,INR,predictorvalue,1,27910,3.36,3.36,0.0668833091,6.6893957E-02,0,0.317462848
meanweekday,EGFR,predictorvalue,5,7811,10.20,2.04,0.069851897,6.9976099E-02,0,0.3292992898
donorparity,OSMO,predictorvalue,2,6496,5.30,2.65,0.0707378889,7.0814289E-02,0,0.3304666822
meandonationtime,K,predspline,2,46681,5.15,2.58,0.0760707253,7.6081540E-02,0,0.3521129108
meandonationtime,BE,predspline,2,20130,5.05,2.53,0.0800274627,8.0052817E-02,0,0.3649654484
meanstoragetime,MCHC,predspline,2,23892,5.04,2.52,0.0802737731,8.0295149E-02,0,0.3649654484
meandonorsex,TRI,predictorvalue,1,2551,3.05,3.05,0.0806934283,8.0813778E-02,0,0.3649654484
meandonorhb,CO2,predspline,2,1066,5.01,2.51,0.0815422839,8.2022819E-02,0,0.3674622284
meandonorhb,ALAT,predspline,2,16747,4.84,2.42,0.0887526765,8.8783761E-02,0,0.3945944951
meandonorhb,CA,predspline,2,12614,4.79,2.40,0.0911025311,9.1143984E-02,0,0.4018947332
meanstoragetime,EGFR,predspline,2,7799,4.74,2.37,0.0936837962,9.3751141E-02,0,0.4101612438
donorparity,STDBIK,predictorvalue,2,20291,4.64,2.32,0.0984611527,9.8487227E-02,0,0.4250906095
meanstoragetime,OSMO,predspline,2,6493,4.63,2.32,0.0986002523,9.8681749E-02,0,0.4250906095
donorparity,TRI,predictorvalue,2,2550,4.62,2.31,0.0993721981,9.9579908E-02,0,0.4256851047
meandonorhb,EGFR,predspline,2,7553,4.59,2.29,0.100771386,1.0084165E-01,0,0.4278130523
meanstoragetime,GT,predspline,2,7720,4.49,2.24,0.1060674162,1.0613658E-01,0,0.4437596408
meandonorhb,PCO2,predspline,2,16291,4.49,2.24,0.1061525647,1.0618534E-01,0,0.4437596408
numdoncat,TRI,predictorvalue,4,2549,7.62,1.90,0.106730764,1.0708512E-01,0,0.4442049557
meandonorsex,MONO,predictorvalue,1,1928,2.51,2.51,0.1133568971,1.1352091E-01,0,0.467439023
meandonorsex,SR,predictorvalue,1,85,2.51,2.51,0.1131791805,1.1689292E-01,0,0.4778104579
meanstoragetime,CO2,predspline,2,1070,4.26,2.13,0.1186581463,1.1916171E-01,0,0.4779672626
donorparity,SR,predictorvalue,2,84,4.36,2.18,0.1128302712,1.1918402E-01,0,0.4779672626
donorparity,ALAT,predictorvalue,2,16877,4.23,2.12,0.1205585248,1.2059050E-01,0,0.4779672626
meandonationtime,BILI,predspline,2,22279,4.23,2.11,0.1209215667,1.2094579E-01,0,0.4779672626
idbloodgroupcat,BASOF,predictorvalue,1,1932,2.40,2.40,0.1210707567,1.2123454E-01,0,0.4779672626
meandonorhb,LPK,predspline,2,55772,4.20,2.10,0.1226956049,1.2270529E-01,0,0.4779672626
timesincecat,CA_F,predictorvalue,3,20364,5.78,1.93,0.1228697085,1.2290587E-01,0,0.4779672626
meandonorhb,BILI_K,predspline,2,4786,4.17,2.09,0.1242382026,1.2435110E-01,0,0.4802525109
meandonationtime,HBA1C,predspline,2,180,4.08,2.04,0.1299250749,1.3292062E-01,0,0.4981240745
meandonorsex,ALAT,predictorvalue,1,16878,2.25,2.25,0.133220973,1.3323968E-01,0,0.4981240745
meandonorage,OSMO,predspline,2,6496,4.03,2.01,0.1335719397,1.3365526E-01,0,0.4981240745
timesincecat,APTT,predictorvalue,3,22117,5.58,1.86,0.1337375668,1.3377101E-01,0,0.4981240745
meanweekday,MCH,predictorvalue,5,36916,8.41,1.68,0.1349089076,1.3493873E-01,0,0.4981240745
meanstoragetime,GLUKOS,predspline,2,44516,4.01,2.00,0.1349738422,1.3498600E-01,0,0.4981240745
meandonorsex,APTT,predictorvalue,1,22103,2.23,2.23,0.1352339027,1.3524818E-01,0,0.4981240745
meandonorhb,METHB,predspline,2,15394,3.98,1.99,0.1366362165,1.3667138E-01,0,0.4981240745
meandonationtime,FIB,predspline,2,13612,3.97,1.98,0.1375226132,1.3756238E-01,0,0.4981240745
meandonorhb,ASAT,predspline,2,15151,3.96,1.98,0.1378379026,1.3787363E-01,0,0.4981240745
meanweekday,MYELO,predictorvalue,5,352,8.40,1.68,0.1357188817,1.3882922E-01,0,0.498361293
meandonorhb,LD,predspline,2,6637,3.92,1.96,0.1405743899,1.4065592E-01,0,0.4988136032
meandonationtime,ALAT,predspline,2,16808,3.92,1.96,0.1411468505,1.4117904E-01,0,0.4988136032
donorparity,LAKTAT,predictorvalue,2,18870,3.91,1.95,0.1415987618,1.4162743E-01,0,0.4988136032
numdoncat,FIB,predictorvalue,4,13667,6.87,1.72,0.1430299765,1.4309771E-01,0,0.5008419987
meandonorsex,K,predictorvalue,1,46802,2.11,2.11,0.1467998771,1.4680658E-01,0,0.5106315799
idbloodgroupcat,NEUTRO,predictorvalue,1,10896,2.09,2.09,0.1478811621,1.4790993E-01,0,0.5112935846
meanstoragetime,NEUTRO,predspline,2,10886,3.79,1.90,0.1502085473,1.5025813E-01,0,0.5152089455
timesincecat,TRI,predictorvalue,3,2550,5.31,1.77,0.150592762,1.5088262E-01,0,0.5152089455
meanweekday,FERRITIN,predictorvalue,5,2561,8.01,1.60,0.1555866239,1.5601670E-01,0,0.5295112271
meandonorage,CL,predspline,2,21059,3.70,1.85,0.1571322636,1.5715782E-01,0,0.530170953
donorparity,COHB,predictorvalue,2,14189,3.65,1.83,0.161055104,1.6109295E-01,0,0.5375171459
numdoncat,CL,predictorvalue,4,21069,6.56,1.64,0.1612113424,1.6125514E-01,0,0.5375171459
idbloodgroupcat,TROP_T,predictorvalue,1,4352,1.93,1.93,0.1645372521,1.6460834E-01,0,0.5454477599
meandonationtime,STDBIK,predspline,2,20254,3.59,1.79,0.166174585,1.6620101E-01,0,0.5460070223
meandonationtime,NEUTRO,predspline,2,10876,3.58,1.79,0.1666779512,1.6672714E-01,0,0.5460070223
meandonationtime,LYMF,predspline,2,1917,3.56,1.78,0.1683004199,1.6857910E-01,0,0.5488621782
numdoncat,KREA,predictorvalue,4,50352,6.33,1.58,0.1756150783,1.7563326E-01,0,0.5650298419
meandonorage,ASAT,predspline,2,15276,3.48,1.74,0.1757093312,1.7574411E-01,0,0.5650298419
meandonorage,LAKTAT,predspline,2,18869,3.47,1.73,0.1765436887,1.7657183E-01,0,0.5650298419
meandonorhb,META,predspline,2,372,3.44,1.72,0.1791629857,1.8058381E-01,0,0.5721584365
meanweekday,BASOF,predictorvalue,5,1930,7.58,1.52,0.1807480745,1.8131142E-01,0,0.5721584365
numdoncat,CA_F,predictorvalue,4,20363,6.22,1.56,0.1830968872,1.8314159E-01,0,0.5721584365
meandonorhb,MYELO,predspline,2,351,3.41,1.70,0.1821713849,1.8367276E-01,0,0.5721584365
donorparity,ALP,predictorvalue,2,6672,3.39,1.69,0.183829037,1.8390807E-01,0,0.5721584365
meandonationtime,RET,predspline,2,496,3.38,1.69,0.1848078159,1.8586826E-01,0,0.5724316641
donorparity,INR,predictorvalue,2,27909,3.36,1.68,0.1863780643,1.8639691E-01,0,0.5724316641
meandonationtime,EGFR,predspline,2,7812,3.35,1.68,0.1869952052,1.8706249E-01,0,0.5724316641
meandonorage,COHB,predspline,2,14188,3.33,1.66,0.1895127789,1.8954973E-01,0,0.5768904838
meandonationtime,OSMO,predspline,2,6481,3.31,1.66,0.1910126749,1.9109343E-01,0,0.5784449818
meandonorhb,NTPROBNP,predspline,2,814,3.24,1.62,0.1983075292,1.9894460E-01,0,0.5895742809
meanstoragetime,PH,predspline,2,20386,3.22,1.61,0.2000083162,2.0003373E-01,0,0.5895742809
idbloodgroupcat,INR,predictorvalue,1,27889,1.62,1.62,0.2026836582,2.0269427E-01,0,0.5895742809
meanweekday,RET,predictorvalue,5,494,7.27,1.45,0.2014399871,2.0358937E-01,0,0.5895742809
meandonationtime,BASOF,predspline,2,1930,3.18,1.59,0.2037035151,2.0397059E-01,0,0.5895742809
donorparity,TPK,predictorvalue,2,54106,3.18,1.59,0.2040900778,2.0409960E-01,0,0.5895742809
timesincecat,BILI,predictorvalue,3,22362,4.58,1.53,0.2051382958,2.0517000E-01,0,0.5895742809
timesincecat,EOSINO,predictorvalue,3,1915,4.58,1.53,0.2050795225,2.0544946E-01,0,0.5895742809
meanweekday,ERYTRO,predictorvalue,5,36602,7.20,1.44,0.2061935128,2.0622251E-01,0,0.5895742809
meandonorsex,KREA,predictorvalue,1,50332,1.60,1.60,0.2065163431,2.0652219E-01,0,0.5895742809
meandonorage,RET,predspline,2,497,3.16,1.58,0.2063695458,2.0740183E-01,0,0.5895742809
donorparity,FERRITIN,predictorvalue,2,2563,3.15,1.57,0.2072035736,2.0740381E-01,0,0.5895742809
donorparity,LYMF,predictorvalue,2,1920,3.14,1.57,0.2082162168,2.0848313E-01,0,0.5896492445
meanstoragetime,BILI_K,predspline,2,4814,3.11,1.55,0.2116412676,2.1174726E-01,0,0.5949138188
numdoncat,LD,predictorvalue,4,6690,5.83,1.46,0.2123374424,2.1246922E-01,0,0.5949138188
meandonationtime,HAPTO,predspline,2,369,3.05,1.53,0.2174507434,2.1881941E-01,0,0.6096461121
meandonorsex,EGFR,predictorvalue,1,7813,1.50,1.50,0.221137666,2.2117456E-01,0,0.6100825646
meanweekday,ASAT,predictorvalue,5,15276,6.98,1.40,0.221886807,2.2195483E-01,0,0.6100825646
meandonationtime,MYELO,predspline,2,354,3.02,1.51,0.2208248132,2.2224436E-01,0,0.6100825646
meanstoragetime,PO2,predspline,2,16536,2.95,1.47,0.2288861623,2.2891626E-01,0,0.6188730991
meandonorsex,ASAT,predictorvalue,1,15277,1.45,1.45,0.2288987396,2.2891738E-01,0,0.6188730991
meanweekday,LPK,predictorvalue,5,56342,6.88,1.38,0.2296424259,2.2966066E-01,0,0.6188730991
numdoncat,NEUTRO,predictorvalue,4,10906,5.62,1.40,0.2297884791,2.2986731E-01,0,0.6188730991
donorparity,MONO,predictorvalue,2,1927,2.93,1.46,0.2313555935,2.3161273E-01,0,0.6188730991
meandonorsex,LAKTAT,predictorvalue,1,18871,1.43,1.43,0.2320623937,2.3207741E-01,0,0.6188730991
meandonationtime,MCV,predspline,2,36698,2.88,1.44,0.2363652236,2.3637862E-01,0,0.6273555873
idbloodgroupcat,ALAT,predictorvalue,1,16857,1.39,1.39,0.2388839776,2.3890060E-01,0,0.6310582015
donorparity,ASAT,predictorvalue,2,15276,2.85,1.43,0.2403466599,2.4037864E-01,0,0.6319813939
meanstoragetime,ALP,predspline,2,6663,2.83,1.42,0.2428888797,2.4296187E-01,0,0.6357880802
meandonorhb,INR,predspline,2,27706,2.80,1.40,0.2463832982,2.4640075E-01,0,0.6417879975
timesincecat,LYMF,predictorvalue,3,1919,4.11,1.37,0.2496201084,2.4996499E-01,0,0.6474592883
meandonorhb,FIB,predspline,2,13552,2.76,1.38,0.2515704342,2.5160579E-01,0,0.6474592883
idbloodgroupcat,TRANSF,predictorvalue,1,52,1.33,1.33,0.2488136013,2.5408711E-01,0,0.6474592883
meanweekday,GLUKOS,predictorvalue,5,44587,6.58,1.32,0.2541780733,2.5420014E-01,0,0.6474592883
timesincecat,KREA,predictorvalue,3,50353,4.07,1.36,0.2543459652,2.5435901E-01,0,0.6474592883
idbloodgroupcat,MCV,predictorvalue,1,36785,1.27,1.27,0.2605563897,2.6056373E-01,0,0.6601406812
meandonorage,CO2,predspline,2,1071,2.68,1.34,0.2614189138,2.6185790E-01,0,0.6601406812
meanstoragetime,BE,predspline,2,20149,2.67,1.34,0.2630324164,2.6305570E-01,0,0.6601406812
meandonationtime,EOSINO,predspline,2,1913,2.65,1.32,0.2659069395,2.6615071E-01,0,0.6601406812
meanweekday,ALP,predictorvalue,5,6668,6.43,1.29,0.2666305056,2.6677442E-01,0,0.6601406812
meandonationtime,GT,predspline,2,7705,2.63,1.32,0.2683129175,2.6837318E-01,0,0.6601406812
meandonorage,MONO,predspline,2,1927,2.63,1.32,0.2681443518,2.6838531E-01,0,0.6601406812
meandonationtime,META,predspline,2,375,2.64,1.32,0.2678003453,2.6903704E-01,0,0.6601406812
timesincecat,GLUKOS,predictorvalue,3,44605,3.91,1.30,0.2711872088,2.7120146E-01,0,0.6601406812
timesincecat,HAPTO,predictorvalue,3,369,3.92,1.31,0.2701375942,2.7185650E-01,0,0.6601406812
meandonorage,ALP,predspline,2,6672,2.60,1.30,0.2722389687,2.7230803E-01,0,0.6601406812
numdoncat,NA,predictorvalue,4,46348,5.14,1.28,0.2736661812,2.7368329E-01,0,0.6606148341
timesincecat,PO2,predictorvalue,3,16557,3.86,1.29,0.276834374,2.7687231E-01,0,0.6620262399
donorparity,EGFR,predictorvalue,2,7812,2.57,1.28,0.2768769364,2.7693538E-01,0,0.6620262399
timesincecat,BILI_K,predictorvalue,3,4821,3.85,1.28,0.2776845579,2.7781458E-01,0,0.6620262399
meandonationtime,TROP_I,predspline,2,576,2.54,1.27,0.2815318332,2.8231588E-01,0,0.6649963215
numdoncat,BILI,predictorvalue,4,22361,5.05,1.26,0.2823307184,2.8236552E-01,0,0.6649963215
numdoncat,INR,predictorvalue,4,27928,5.05,1.26,0.2825955915,2.8262344E-01,0,0.6649963215
meanweekday,MONO,predictorvalue,5,1924,6.24,1.25,0.2840020492,2.8448178E-01,0,0.6665681793
idbloodgroupcat,ALB,predictorvalue,1,23054,1.13,1.13,0.2878674301,2.8787856E-01,0,0.6670607568
meandonationtime,PH,predspline,2,20367,2.49,1.25,0.2879262758,2.8794819E-01,0,0.6670607568
meandonorsex,CO2,predictorvalue,1,1072,1.13,1.13,0.2880262582,2.8826554E-01,0,0.6670607568
timesincecat,ALP,predictorvalue,3,6673,3.74,1.25,0.2906179026,2.9070925E-01,0,0.6696530273
meandonorage,PH,predspline,2,20403,2.46,1.23,0.2917556927,2.9177739E-01,0,0.6696530273
timesincecat,EGFR,predictorvalue,3,7815,3.69,1.23,0.2966332702,2.9671022E-01,0,0.6778769558
meandonorage,BASOF,predspline,2,1933,2.42,1.21,0.297555587,2.9778166E-01,0,0.6778769558
idbloodgroupcat,LYMF,predictorvalue,1,1919,1.08,1.08,0.29911338,2.9924419E-01,0,0.6784483688
meanstoragetime,ASAT,predspline,2,15252,2.38,1.19,0.3041749978,3.0420325E-01,0,0.6836088711
meandonationtime,CRP,predspline,2,47498,2.38,1.19,0.3043580722,3.0436714E-01,0,0.6836088711
meandonorage,HBA1C,predspline,2,180,2.39,1.19,0.3027931761,3.0518253E-01,0,0.6836088711
meandonorhb,PO2,predspline,2,16384,2.34,1.17,0.3104615652,3.1048749E-01,0,0.6854625066
meanweekday,APTT,predictorvalue,5,22109,5.93,1.19,0.3128477469,3.1288667E-01,0,0.6854625066
meanweekday,STDBIK,predictorvalue,5,20292,5.92,1.18,0.3137379773,3.1378029E-01,0,0.6854625066
meandonorage,BE,predspline,2,20166,2.31,1.15,0.315252767,3.1527360E-01,0,0.6854625066
numdoncat,BASOF,predictorvalue,4,1931,4.73,1.18,0.3157589449,3.1613036E-01,0,0.6854625066
meandonorsex,PH,predictorvalue,1,20405,1.00,1.00,0.3164518691,3.1646375E-01,0,0.6854625066
meandonationtime,APTT,predspline,2,22027,2.30,1.15,0.3173958738,3.1741485E-01,0,0.6854625066
meandonorhb,LYMF,predspline,2,1899,2.29,1.15,0.3177475524,3.1796739E-01,0,0.6854625066
meanweekday,EOSINO,predictorvalue,5,1913,5.88,1.18,0.317817147,3.1826047E-01,0,0.6854625066
numdoncat,PH,predictorvalue,4,20412,4.71,1.18,0.3187366291,3.1877153E-01,0,0.6854625066
meandonorage,STDBIK,predspline,2,20290,2.28,1.14,0.3194539881,3.1947449E-01,0,0.6854625066
idbloodgroupcat,MCH,predictorvalue,1,36876,0.97,0.97,0.324252363,3.2425883E-01,0,0.688201962
meandonorsex,OSMO,predictorvalue,1,6497,0.97,0.97,0.3243733197,3.2441002E-01,0,0.688201962
numdoncat,CO2,predictorvalue,4,1070,4.66,1.17,0.3237824433,3.2443807E-01,0,0.688201962
donorparity,APTT,predictorvalue,2,22102,2.24,1.12,0.3270812958,3.2709978E-01,0,0.6912297182
meandonationtime,METHB,predspline,2,15554,2.23,1.11,0.3284810126,3.2850719E-01,0,0.6915940745
meanstoragetime,META,predspline,2,375,2.21,1.10,0.3319468361,3.3302087E-01,0,0.6951023484
meanweekday,PH,predictorvalue,5,20406,5.72,1.14,0.3343321573,3.3437188E-01,0,0.6951023484
meandonorage,CRP,predspline,2,47656,2.19,1.09,0.3346710122,3.3467943E-01,0,0.6951023484
meandonorsex,TPK,predictorvalue,1,54107,0.92,0.92,0.3362652418,3.3626954E-01,0,0.6951023484
numdoncat,EGFR,predictorvalue,4,7814,4.55,1.14,0.3362930078,3.3637989E-01,0,0.6951023484
meandonorsex,LPK,predictorvalue,1,56327,0.92,0.92,0.3379160373,3.3792015E-01,0,0.6957179567
numdoncat,MYELO,predictorvalue,4,353,4.51,1.13,0.34110347,3.4298954E-01,0,0.7035682856
meandonorhb,STDBIK,predspline,2,20084,2.11,1.06,0.3481554698,3.4817477E-01,0,0.7103418986
idbloodgroupcat,BE,predictorvalue,1,20154,0.88,0.88,0.3488173846,3.4882861E-01,0,0.7103418986
donorparity,HAPTO,predictorvalue,2,370,2.10,1.05,0.3500140968,3.5105423E-01,0,0.7122839371
meandonationtime,ALB,predspline,2,22987,2.05,1.03,0.3579036888,3.5792013E-01,0,0.7209773376
meandonorage,CA,predspline,2,12733,2.05,1.03,0.3582841866,3.5831383E-01,0,0.7209773376
meandonorsex,PO2,predictorvalue,1,16551,0.84,0.84,0.3591878493,3.5920121E-01,0,0.7209773376
numdoncat,LYMF,predictorvalue,4,1918,4.34,1.08,0.3622004375,3.6252779E-01,0,0.7222425422
meandonationtime,TRANSF,predspline,2,51,2.07,1.03,0.3560136967,3.6333881E-01,0,0.7222425422
timesincecat,CRP,predictorvalue,3,47681,3.18,1.06,0.3641923336,3.6420290E-01,0,0.7222425422
numdoncat,ALB,predictorvalue,4,23090,4.30,1.07,0.3669491173,3.6697593E-01,0,0.7222425422
meandonationtime,HB,predspline,2,91138,2.00,1.00,0.3672026134,3.6720666E-01,0,0.7222425422
meanstoragetime,NTPROBNP,predspline,2,817,2.00,1.00,0.3671191138,3.6756987E-01,0,0.7222425422
meandonorage,HAPTO,predspline,2,370,1.97,0.98,0.3737513055,3.7472752E-01,0,0.7337322114
meandonationtime,NTPROBNP,predspline,2,814,1.95,0.98,0.3764175748,3.7685858E-01,0,0.7343823496
meanweekday,PO2,predictorvalue,5,16550,5.32,1.06,0.377639731,3.7768235E-01,0,0.7343823496
meandonationtime,CA_F,predspline,2,20318,1.92,0.96,0.3826967983,3.8271417E-01,0,0.7400522792
meanweekday,CO2,predictorvalue,5,1069,5.27,1.05,0.383979435,3.8462307E-01,0,0.7400522792
meandonorage,NEUTRO,predspline,2,10903,1.91,0.95,0.3855232062,3.8555533E-01,0,0.7400522792
donorparity,PO2,predictorvalue,2,16550,1.90,0.95,0.3858632612,3.8588440E-01,0,0.7400522792
meandonationtime,TRI,predspline,2,2542,1.88,0.94,0.3903060018,3.9044187E-01,0,0.7413124447
timesincecat,BASOF,predictorvalue,3,1932,3.00,1.00,0.3914000929,3.9163950E-01,0,0.7413124447
meanstoragetime,HAPTO,predspline,2,368,1.88,0.94,0.3910275,3.9196229E-01,0,0.7413124447
meandonorsex,HAPTO,predictorvalue,1,371,0.73,0.73,0.3927816097,3.9333310E-01,0,0.7413124447
meandonorage,INR,predspline,2,27909,1.86,0.93,0.3939464324,3.9395868E-01,0,0.7413124447
meandonationtime,ASAT,predspline,2,15215,1.86,0.93,0.394461689,3.9448412E-01,0,0.7413124447
idbloodgroupcat,CRP,predictorvalue,1,47621,0.71,0.71,0.399018208,3.9902244E-01,0,0.7473330057
meandonorage,TRANSF,predspline,2,51,1.86,0.93,0.394188607,4.0078276E-01,0,0.7481278186
meandonorsex,LYMF,predictorvalue,1,1921,0.68,0.68,0.4079163884,4.0801918E-01,0,0.75910545
numdoncat,PO2,predictorvalue,4,16556,3.96,0.99,0.4112452667,4.1127733E-01,0,0.7614305256
meandonorage,TPK,predspline,2,54106,1.77,0.89,0.4126119538,4.1261793E-01,0,0.7614305256
meandonationtime,LD,predspline,2,6666,1.77,0.88,0.4132995999,4.1334800E-01,0,0.7614305256
timesincecat,COHB,predictorvalue,3,14194,2.84,0.95,0.4163628972,4.1639287E-01,0,0.7645246151
donorparity,KREA,predictorvalue,2,50331,1.74,0.87,0.4188738145,4.1888012E-01,0,0.765042588
meanstoragetime,LAKTAT,predspline,2,18855,1.74,0.87,0.4193904814,4.1940728E-01,0,0.765042588
meandonorhb,FERRITIN,predspline,2,2553,1.72,0.86,0.4225404499,4.2266324E-01,0,0.7684786194
meanweekday,SR,predictorvalue,5,81,4.99,1.00,0.4172292875,4.2449232E-01,0,0.7693064684
meanweekday,CRP,predictorvalue,5,47666,4.91,0.98,0.4275586631,4.2757085E-01,0,0.772386055
meandonorsex,MCH,predictorvalue,1,36907,0.62,0.62,0.4324954319,4.3250047E-01,0,0.7787789818
donorparity,BASOF,predictorvalue,2,1933,1.65,0.82,0.4383807025,4.3853487E-01,0,0.7867528967
timesincecat,STDBIK,predictorvalue,3,20299,2.70,0.90,0.4400401308,4.4005936E-01,0,0.7867528967
numdoncat,MONO,predictorvalue,4,1925,3.74,0.94,0.4421250404,4.4236860E-01,0,0.7867528967
timesincecat,BE,predictorvalue,3,20176,2.67,0.89,0.4454709115,4.4548986E-01,0,0.7867528967
meandonationtime,MCH,predspline,2,36788,1.61,0.81,0.4464134191,4.4642131E-01,0,0.7867528967
meandonationtime,CA,predspline,2,12688,1.61,0.81,0.4470514388,4.4707427E-01,0,0.7867528967
numdoncat,RET,predictorvalue,4,495,3.71,0.93,0.4472318528,4.4815600E-01,0,0.7867528967
donorparity,GLUKOS,predictorvalue,2,44583,1.61,0.80,0.4481616927,4.4816817E-01,0,0.7867528967
donorparity,META,predictorvalue,2,376,1.56,0.78,0.4580438103,4.5878502E-01,0,0.7949142446
numdoncat,BE,predictorvalue,4,20175,3.62,0.91,0.4591357406,4.5915734E-01,0,0.7949142446
timesincecat,FERRITIN,predictorvalue,3,2563,2.59,0.86,0.4591662939,4.5930754E-01,0,0.7949142446
meandonorsex,METHB,predictorvalue,1,15590,0.55,0.55,0.4598289731,4.5984010E-01,0,0.7949142446
meandonorsex,COHB,predictorvalue,1,14190,0.54,0.54,0.4611751356,4.6118732E-01,0,0.7949142446
meandonationtime,CO2,predspline,2,1070,1.55,0.77,0.4610760591,4.6133416E-01,0,0.7949142446
meandonorhb,PH,predspline,2,20191,1.50,0.75,0.4715211226,4.7153432E-01,0,0.8040970061
meandonorhb,GT,predspline,2,7673,1.50,0.75,0.4715282762,4.7156300E-01,0,0.8040970061
timesincecat,TPK,predictorvalue,3,54135,2.52,0.84,0.47164622,4.7165258E-01,0,0.8040970061
meandonorage,FE,predspline,2,1404,1.50,0.75,0.4722177392,4.7240699E-01,0,0.8040970061
meanweekday,CA_F,predictorvalue,5,20357,4.51,0.90,0.4789032223,4.7892552E-01,0,0.8125579358
timesincecat,PCO2,predictorvalue,3,16461,2.47,0.82,0.480259629,4.8027978E-01,0,0.8125579358
meanweekday,HBA1C,predictorvalue,5,177,4.50,0.90,0.4798499928,4.8236907E-01,0,0.8136345838
meandonorsex,TRANSF,predictorvalue,1,52,0.49,0.49,0.4817954522,4.8493322E-01,0,0.8140225634
meanstoragetime,MYELO,predspline,2,354,1.45,0.72,0.485407689,4.8612258E-01,0,0.8140225634
meandonorage,EGFR,predspline,2,7812,1.43,0.72,0.4882141626,4.8824629E-01,0,0.8140225634
meandonorage,PO2,predspline,2,16550,1.43,0.71,0.490255299,4.9027035E-01,0,0.8140225634
meandonorsex,BE,predictorvalue,1,20168,0.47,0.47,0.4910113805,4.9101930E-01,0,0.8140225634
meanstoragetime,LD,predspline,2,6676,1.42,0.71,0.4922668366,4.9230387E-01,0,0.8140225634
idbloodgroupcat,LD,predictorvalue,1,6678,0.47,0.47,0.4934798504,4.9350362E-01,0,0.8140225634
timesincecat,CA,predictorvalue,3,12737,2.39,0.80,0.4959716884,4.9599598E-01,0,0.8140225634
meandonorage,MCHC,predspline,2,23925,1.40,0.70,0.4966345711,4.9664474E-01,0,0.8140225634
donorparity,PH,predictorvalue,2,20404,1.39,0.70,0.4978457853,4.9785765E-01,0,0.8140225634
meandonorage,META,predspline,2,376,1.39,0.69,0.4994576844,5.0009673E-01,0,0.8140225634
idbloodgroupcat,ASAT,predictorvalue,1,15258,0.45,0.45,0.5018200363,5.0183020E-01,0,0.8140225634
numdoncat,ASAT,predictorvalue,4,15281,3.33,0.83,0.5045513687,5.0457415E-01,0,0.8140225634
meandonorhb,OSMO,predspline,2,6416,1.37,0.68,0.5045702765,5.0460707E-01,0,0.8140225634
meandonationtime,TROP_T,predspline,2,4338,1.37,0.68,0.5050435401,5.0509786E-01,0,0.8140225634
meanweekday,LYMF,predictorvalue,5,1917,4.31,0.86,0.5056539551,5.0585688E-01,0,0.8140225634
donorparity,NEUTRO,predictorvalue,2,10903,1.34,0.67,0.5115568306,5.1157791E-01,0,0.8208699986
meandonorhb,CRP,predspline,2,47250,1.33,0.66,0.5153161619,5.1532096E-01,0,0.8239620966
meandonorage,TROP_I,predspline,2,578,1.32,0.66,0.5160573871,5.1644767E-01,0,0.8239620966
meandonationtime,ERYTRO,predspline,2,36476,1.30,0.65,0.5219275047,5.2193355E-01,0,0.8280318509
numdoncat,LAKTAT,predictorvalue,4,18878,3.22,0.80,0.5219390737,5.2195579E-01,0,0.8280318509
meandonorage,LD,predspline,2,6691,1.28,0.64,0.5263460412,5.2637844E-01,0,0.832689058
meandonorage,NTPROBNP,predspline,2,819,1.27,0.64,0.5291856364,5.2944713E-01,0,0.8333459062
meanweekday,KREA,predictorvalue,5,50338,4.14,0.83,0.5297632862,5.2976990E-01,0,0.8333459062
donorparity,ALB,predictorvalue,2,23080,1.26,0.63,0.5314063641,5.3141557E-01,0,0.8333563138
meandonationtime,LAKTAT,predspline,2,18837,1.26,0.63,0.5327415717,5.3275279E-01,0,0.8333563138
timesincecat,ALAT,predictorvalue,3,16883,2.16,0.72,0.5388996565,5.3891451E-01,0,0.8347951407
meandonorsex,GLUKOS,predictorvalue,1,44584,0.38,0.38,0.5392523191,5.3925545E-01,0,0.8347951407
meandonorage,SR,predspline,2,84,1.24,0.62,0.5376461079,5.4009242E-01,0,0.8347951407
idbloodgroupcat,RET,predictorvalue,1,498,0.37,0.37,0.5405718225,5.4085110E-01,0,0.8347951407
meandonorhb,HAPTO,predspline,2,367,1.23,0.62,0.5405697501,5.4112614E-01,0,0.8347951407
meandonorage,LPK,predspline,2,56326,1.22,0.61,0.5434558544,5.4345944E-01,0,0.8348845443
meandonorsex,GT,predictorvalue,1,7734,0.37,0.37,0.5441480158,5.4416582E-01,0,0.8348845443
numdoncat,EOSINO,predictorvalue,4,1914,3.05,0.76,0.5495500431,5.4968871E-01,0,0.8369436884
idbloodgroupcat,NTPROBNP,predictorvalue,1,819,0.36,0.36,0.5497812253,5.4994657E-01,0,0.8369436884
donorparity,CO2,predictorvalue,2,1071,1.20,0.60,0.55004678,5.5023018E-01,0,0.8369436884
meandonorhb,CA_F,predspline,2,20136,1.19,0.60,0.5514764083,5.5148611E-01,0,0.8369436884
meandonorhb,ALP,predspline,2,6623,1.18,0.59,0.5537817777,5.5381098E-01,0,0.8382004
meandonorage,GT,predspline,2,7733,1.17,0.59,0.5559886244,5.5601340E-01,0,0.8383529347
numdoncat,FERRITIN,predictorvalue,4,2562,3.01,0.75,0.5568072565,5.5690588E-01,0,0.8383529347
meandonorsex,TROP_T,predictorvalue,1,4354,0.34,0.34,0.5618036287,5.6183365E-01,0,0.8435036038
meanweekday,K,predictorvalue,5,46806,3.88,0.78,0.5667277825,5.6673311E-01,0,0.8485843413
donorparity,BE,predictorvalue,2,20167,1.13,0.56,0.5693952269,5.6940418E-01,0,0.8489956048
meanstoragetime,HBA1C,predspline,2,179,1.13,0.56,0.5693290505,5.7033494E-01,0,0.8489956048
meandonorage,KREA,predspline,2,50331,1.12,0.56,0.5715524161,5.7155597E-01,0,0.8489956048
idbloodgroupcat,MONO,predictorvalue,1,1926,0.31,0.31,0.5769910286,5.7705585E-01,0,0.8547455593
numdoncat,META,predictorvalue,4,374,2.88,0.72,0.5779025833,5.7847958E-01,0,0.8547455593
numdoncat,GT,predictorvalue,4,7734,2.82,0.71,0.5880211714,5.8804698E-01,0,0.8621318591
meandonorage,METHB,predspline,2,15588,1.06,0.53,0.5900249978,5.9003553E-01,0,0.8621318591
numdoncat,CRP,predictorvalue,4,47680,2.81,0.70,0.5903338094,5.9033792E-01,0,0.8621318591
numdoncat,PCO2,predictorvalue,4,16460,2.80,0.70,0.5913738957,5.9138569E-01,0,0.8621318591
meandonorhb,MONO,predspline,2,1906,1.04,0.52,0.594151477,5.9423594E-01,0,0.8621318591
meandonorsex,NA,predictorvalue,1,46329,0.28,0.28,0.5979157286,5.9791825E-01,0,0.8621318591
numdoncat,TROP_T,predictorvalue,4,4352,2.76,0.69,0.5994601374,5.9950170E-01,0,0.8621318591
meandonationtime,KREA,predspline,2,50165,1.02,0.51,0.5995376822,5.9954081E-01,0,0.8621318591
timesincecat,ASAT,predictorvalue,3,15282,1.87,0.62,0.5998022875,5.9981369E-01,0,0.8621318591
meandonorage,APTT,predspline,2,22102,1.02,0.51,0.6009651467,6.0097220E-01,0,0.8621318591
numdoncat,ALAT,predictorvalue,4,16882,2.74,0.69,0.6015627945,6.0157331E-01,0,0.8621318591
donorparity,LD,predictorvalue,2,6691,1.02,0.51,0.6019296016,6.0195278E-01,0,0.8621318591
idbloodgroupcat,GLUKOS,predictorvalue,1,44552,0.27,0.27,0.6040823481,6.0408492E-01,0,0.862855847
meandonorage,MYELO,predspline,2,355,1.00,0.50,0.605110425,6.0553991E-01,0,0.862855847
meanweekday,ALB,predictorvalue,5,23081,3.57,0.71,0.6124504198,6.1245709E-01,0,0.8671977234
donorparity,LPK,predictorvalue,2,56326,0.98,0.49,0.6129216457,6.1292425E-01,0,0.8671977234
meandonorsex,BASOF,predictorvalue,1,1934,0.25,0.25,0.6150386219,6.1509588E-01,0,0.8671977234
numdoncat,SR,predictorvalue,4,82,2.67,0.67,0.6136818514,6.1559217E-01,0,0.8671977234
meandonorsex,ALP,predictorvalue,1,6673,0.25,0.25,0.6181100932,6.1812652E-01,0,0.8671977234
meandonorage,TROP_T,predspline,2,4353,0.96,0.48,0.6187368389,6.1876959E-01,0,0.8671977234
meanweekday,HAPTO,predictorvalue,5,367,3.53,0.71,0.6190438309,6.1942695E-01,0,0.8671977234
meandonationtime,CL,predspline,2,21017,0.95,0.48,0.6212585041,6.2126520E-01,0,0.8676022767
numdoncat,TRANSF,predictorvalue,3,50,1.77,0.59,0.6221906846,6.2511677E-01,0,0.8708094241
meanweekday,LD,predictorvalue,5,6685,3.48,0.70,0.626707354,6.2672620E-01,0,0.8708850422
meanweekday,TROP_T,predictorvalue,5,4349,3.41,0.68,0.6362928901,6.3631768E-01,0,0.8820245071
numdoncat,METHB,predictorvalue,4,15594,2.53,0.63,0.6386789441,6.3868667E-01,0,0.8831223154
idbloodgroupcat,OSMO,predictorvalue,1,6493,0.21,0.21,0.6433248273,6.4334035E-01,0,0.8870265404
numdoncat,GLUKOS,predictorvalue,4,44604,2.50,0.62,0.6448638446,6.4486635E-01,0,0.8870265404
meanstoragetime,FERRITIN,predspline,2,2559,0.87,0.43,0.6473451014,6.4739293E-01,0,0.8870265404
meandonorhb,TRI,predspline,2,2533,0.86,0.43,0.64964927,6.4969698E-01,0,0.8870265404
meanweekday,TROP_I,predictorvalue,5,575,3.32,0.66,0.6507250118,6.5086666E-01,0,0.8870265404
meandonorhb,NA,predspline,2,45864,0.86,0.43,0.6510115065,6.5101412E-01,0,0.8870265404
numdoncat,TROP_I,predictorvalue,4,576,2.45,0.61,0.6531088347,6.5328216E-01,0,0.8873601565
meanweekday,META,predictorvalue,5,373,3.29,0.66,0.6551496938,6.5534717E-01,0,0.8873601565
meandonorage,NA,predspline,2,46327,0.84,0.42,0.6560101704,6.5601269E-01,0,0.8873601565
idbloodgroupcat,METHB,predictorvalue,1,15582,0.19,0.19,0.66274857,6.6275461E-01,0,0.887802865
donorparity,HBA1C,predictorvalue,2,180,0.82,0.41,0.6629416525,6.6356240E-01,0,0.887802865
meandonorsex,EOSINO,predictorvalue,1,1917,0.19,0.19,0.6651799585,6.6522864E-01,0,0.887802865
donorparity,EOSINO,predictorvalue,2,1916,0.80,0.40,0.6688110527,6.6886752E-01,0,0.887802865
timesincecat,TROP_T,predictorvalue,3,4353,1.56,0.52,0.6689687402,6.6899155E-01,0,0.887802865
numdoncat,APTT,predictorvalue,4,22116,2.36,0.59,0.6693811188,6.6938463E-01,0,0.887802865
meandonationtime,SR,predspline,2,84,0.80,0.40,0.6690063344,6.7028623E-01,0,0.887802865
meanstoragetime,RET,predspline,2,497,0.80,0.40,0.6705310677,6.7074640E-01,0,0.887802865
donorparity,FE,predictorvalue,2,1404,0.79,0.40,0.6722046907,6.7228020E-01,0,0.887802865
meanstoragetime,CRP,predspline,2,47584,0.78,0.39,0.6760352779,6.7603746E-01,0,0.887802865
meanstoragetime,FIB,predspline,2,13641,0.78,0.39,0.676688713,6.7669628E-01,0,0.887802865
meanweekday,COHB,predictorvalue,5,14190,3.14,0.63,0.6777579297,6.7776039E-01,0,0.887802865
idbloodgroupcat,SR,predictorvalue,1,85,0.17,0.17,0.6769808998,6.7803101E-01,0,0.887802865
idbloodgroupcat,EGFR,predictorvalue,1,7811,0.17,0.17,0.678523665,6.7853505E-01,0,0.887802865
meanweekday,MCV,predictorvalue,5,36825,3.10,0.62,0.6848738216,6.8487446E-01,0,0.890210339
meanweekday,OSMO,predictorvalue,5,6491,3.09,0.62,0.686030704,6.8603403E-01,0,0.890210339
meandonorage,BILI,predspline,2,22353,0.75,0.38,0.6871822908,6.8718662E-01,0,0.890210339
donorparity,FIB,predictorvalue,2,13660,0.75,0.37,0.6889223018,6.8892930E-01,0,0.890210339
meandonationtime,ALP,predspline,2,6642,0.75,0.37,0.6889699721,6.8898437E-01,0,0.890210339
meandonorsex,FIB,predictorvalue,1,13661,0.16,0.16,0.6899067764,6.8991301E-01,0,0.890210339
meanstoragetime,TRI,predspline,2,2546,0.73,0.36,0.6953748362,6.9541088E-01,0,0.8937058258
meanstoragetime,BASOF,predspline,2,1929,0.72,0.36,0.6985053489,6.9855196E-01,0,0.8937058258
idbloodgroupcat,FE,predictorvalue,1,1404,0.15,0.15,0.7003554029,7.0041369E-01,0,0.8937058258
numdoncat,NTPROBNP,predictorvalue,4,817,2.18,0.55,0.7024722397,7.0251667E-01,0,0.8937058258
meanstoragetime,INR,predspline,2,27880,0.70,0.35,0.7033090893,7.0331221E-01,0,0.8937058258
meandonorsex,FE,predictorvalue,1,1405,0.14,0.14,0.7042772321,7.0433459E-01,0,0.8937058258
meanstoragetime,STDBIK,predspline,2,20272,0.70,0.35,0.7051560493,7.0516029E-01,0,0.8937058258
meandonorhb,LAKTAT,predspline,2,18665,0.70,0.35,0.7053846378,7.0538924E-01,0,0.8937058258
numdoncat,HAPTO,predictorvalue,4,368,2.11,0.53,0.7157190457,7.1577712E-01,0,0.8991000112
meanweekday,BE,predictorvalue,5,20169,2.86,0.57,0.721450477,7.2144896E-01,0,0.8991000112
meandonationtime,MCHC,predspline,2,23805,0.65,0.32,0.7234071358,7.2341032E-01,0,0.8991000112
meanweekday,FIB,predictorvalue,5,13661,2.84,0.57,0.7245413116,7.2453876E-01,0,0.8991000112
numdoncat,HBA1C,predictorvalue,4,178,2.04,0.51,0.729131451,7.2917292E-01,0,0.8991000112
meanweekday,FE,predictorvalue,5,1402,2.81,0.56,0.7292751445,7.2924601E-01,0,0.8991000112
meandonorage,TRI,predspline,2,2550,0.62,0.31,0.7318056718,7.3183365E-01,0,0.8991000112
meanstoragetime,EOSINO,predspline,2,1912,0.62,0.31,0.7329306083,7.3296761E-01,0,0.8991000112
meandonorhb,K,predspline,2,46326,0.62,0.31,0.7333714551,7.3337298E-01,0,0.8991000112
timesincecat,RET,predictorvalue,3,496,1.28,0.43,0.7342401046,7.3432560E-01,0,0.8991000112
meandonationtime,TPK,predspline,2,53940,0.62,0.31,0.7350968029,7.3509809E-01,0,0.8991000112
meandonorsex,RET,predictorvalue,1,498,0.11,0.11,0.7349984998,7.3514116E-01,0,0.8991000112
meanstoragetime,TRANSF,predspline,2,51,0.62,0.31,0.7338637576,7.3523175E-01,0,0.8991000112
meandonorhb,TRANSF,predspline,2,50,0.60,0.30,0.7391124185,7.4045377E-01,0,0.8991000112
idbloodgroupcat,CA,predictorvalue,1,12719,0.11,0.11,0.741034694,7.4104014E-01,0,0.8991000112
meandonorhb,BE,predspline,2,19959,0.60,0.30,0.7411473662,7.4115070E-01,0,0.8991000112
timesincecat,MYELO,predictorvalue,3,354,1.25,0.42,0.7419198063,7.4202349E-01,0,0.8991000112
timesincecat,TRANSF,predictorvalue,3,50,1.24,0.41,0.742728745,7.4345667E-01,0,0.8991000112
meandonationtime,FERRITIN,predspline,2,2554,0.59,0.30,0.7438166697,7.4384218E-01,0,0.8991000112
numdoncat,COHB,predictorvalue,4,14193,1.95,0.49,0.7445418664,7.4454126E-01,0,0.8991000112
timesincecat,CO2,predictorvalue,3,1071,1.23,0.41,0.7464088951,7.4644011E-01,0,0.8991000112
meanweekday,CL,predictorvalue,5,21061,2.70,0.54,0.7464442195,7.4644126E-01,0,0.8991000112
idbloodgroupcat,HAPTO,predictorvalue,1,370,0.10,0.10,0.74760757,7.4778929E-01,0,0.8991000112
timesincecat,K,predictorvalue,3,46823,1.21,0.40,0.7498060519,7.4980671E-01,0,0.8991000112
meandonationtime,PO2,predspline,2,16516,0.57,0.29,0.7518386945,7.5184240E-01,0,0.8991000112
donorparity,TROP_T,predictorvalue,2,4353,0.56,0.28,0.7559050545,7.5591865E-01,0,0.8991000112
meandonationtime,GLUKOS,predspline,2,44479,0.56,0.28,0.7566640113,7.5666533E-01,0,0.8991000112
donorparity,RET,predictorvalue,2,497,0.56,0.28,0.7568280767,7.5694621E-01,0,0.8991000112
idbloodgroupcat,TROP_I,predictorvalue,1,579,0.10,0.10,0.7572363656,7.5734756E-01,0,0.8991000112
meanstoragetime,FE,predspline,2,1401,0.55,0.28,0.7577712633,7.5781287E-01,0,0.8991000112
donorparity,METHB,predictorvalue,2,15589,0.55,0.27,0.760230237,7.6023390E-01,0,0.9000655074
idbloodgroupcat,ALP,predictorvalue,1,6662,0.09,0.09,0.7634031231,7.6341252E-01,0,0.9019219611
meandonorage,ALAT,predspline,2,16877,0.53,0.27,0.7670499746,7.6705317E-01,0,0.9043153176
idbloodgroupcat,EVF,predictorvalue,1,55667,0.09,0.09,0.7705550348,7.7055612E-01,0,0.9065366136
meanweekday,MCHC,predictorvalue,5,23929,2.52,0.50,0.7727310687,7.7272729E-01,0,0.9071850734
meanweekday,BILI,predictorvalue,5,22355,2.50,0.50,0.776052509,7.7604832E-01,0,0.9072946858
timesincecat,FIB,predictorvalue,3,13668,1.10,0.37,0.7760599741,7.7606099E-01,0,0.9072946858
timesincecat,HBA1C,predictorvalue,3,179,1.10,0.37,0.7777034883,7.7777661E-01,0,0.9074060453
donorparity,TRANSF,predictorvalue,2,51,0.49,0.25,0.7816504759,7.8257520E-01,0,0.9075377913
meandonorage,FIB,predspline,2,13660,0.49,0.24,0.7842281599,7.8423155E-01,0,0.9075377913
meandonorage,CA_F,predspline,2,20354,0.48,0.24,0.78565687,7.8565912E-01,0,0.9075377913
meanweekday,NTPROBNP,predictorvalue,5,816,2.42,0.48,0.7883218046,7.8819414E-01,0,0.9075377913
meanweekday,ALAT,predictorvalue,5,16877,2.42,0.48,0.7890378467,7.8903161E-01,0,0.9075377913
timesincecat,NTPROBNP,predictorvalue,3,818,1.05,0.35,0.7895657425,7.8957328E-01,0,0.9075377913
meanstoragetime,LYMF,predspline,2,1916,0.47,0.24,0.7898995406,7.8992247E-01,0,0.9075377913
meandonorhb,GLUKOS,predspline,2,44130,0.47,0.23,0.7908533743,7.9085436E-01,0,0.9075377913
timesincecat,CL,predictorvalue,3,21070,1.02,0.34,0.7972067377,7.9720684E-01,0,0.9121190386
meandonorhb,ALB,predspline,2,22891,0.45,0.23,0.7981023856,7.9810416E-01,0,0.9121190386
meandonorhb,EOSINO,predspline,2,1895,0.44,0.22,0.8020016713,8.0202227E-01,0,0.9135509077
timesincecat,FE,predictorvalue,3,1404,0.99,0.33,0.80262019,8.0261973E-01,0,0.9135509077
meandonorage,ALB,predspline,2,23080,0.43,0.21,0.8069619846,8.0696359E-01,0,0.9166320731
meandonorsex,BILI_K,predictorvalue,1,4823,0.06,0.06,0.8089377944,8.0894807E-01,0,0.916821418
meanweekday,METHB,predictorvalue,5,15589,2.27,0.45,0.8110653005,8.1105752E-01,0,0.916821418
donorparity,GT,predictorvalue,2,7733,0.41,0.21,0.8143007829,8.1430523E-01,0,0.916821418
meanweekday,NA,predictorvalue,5,46332,2.24,0.45,0.8144535912,8.1445093E-01,0,0.916821418
idbloodgroupcat,MYELO,predictorvalue,1,356,0.05,0.05,0.8151818343,8.1531619E-01,0,0.916821418
meandonorsex,CA_F,predictorvalue,1,20356,0.05,0.05,0.8184924249,8.1849473E-01,0,0.9185512006
meandonorsex,FERRITIN,predictorvalue,1,2564,0.05,0.05,0.8212776343,8.2129564E-01,0,0.9190279609
meandonationtime,MONO,predspline,2,1924,0.39,0.19,0.8228549541,8.2287121E-01,0,0.9190279609
timesincecat,INR,predictorvalue,3,27929,0.91,0.30,0.8238432881,8.2384292E-01,0,0.9190279609
timesincecat,NA,predictorvalue,3,46349,0.89,0.30,0.8284453187,8.2844506E-01,0,0.9206061025
idbloodgroupcat,FERRITIN,predictorvalue,1,2562,0.05,0.05,0.8285282482,8.2854549E-01,0,0.9206061025
timesincecat,PH,predictorvalue,3,20413,0.88,0.29,0.8309102009,8.3090957E-01,0,0.9214046667
timesincecat,LAKTAT,predictorvalue,3,18879,0.87,0.29,0.8328718654,8.3287114E-01,0,0.9217546214
meandonationtime,COHB,predspline,2,14154,0.35,0.18,0.8374324923,8.3743435E-01,0,0.9246893052
timesincecat,OSMO,predictorvalue,3,6495,0.84,0.28,0.8391301838,8.3912774E-01,0,0.9246893052
meanweekday,CA,predictorvalue,5,12729,2.06,0.41,0.8413350961,8.4132441E-01,0,0.9246893052
timesincecat,MONO,predictorvalue,3,1926,0.83,0.28,0.8434648765,8.4345590E-01,0,0.9246893052
meandonorhb,TROP_I,predspline,2,578,0.34,0.17,0.8444837165,8.4452544E-01,0,0.9246893052
meanstoragetime,METHB,predspline,2,15582,0.33,0.17,0.846052403,8.4605392E-01,0,0.9246893052
meandonorhb,NEUTRO,predspline,2,10783,0.33,0.16,0.8479779282,8.4798007E-01,0,0.9246893052
numdoncat,ALP,predictorvalue,4,6672,1.37,0.34,0.8487438208,8.4873268E-01,0,0.9246893052
meanstoragetime,CA_F,predspline,2,20336,0.32,0.16,0.8518072446,8.5180832E-01,0,0.9262381756
meanstoragetime,CA,predspline,2,12715,0.31,0.16,0.8544194752,8.5442114E-01,0,0.927278755
donorparity,NA,predictorvalue,2,46328,0.29,0.15,0.8639813815,8.6398178E-01,0,0.9358409998
numdoncat,STDBIK,predictorvalue,4,20298,1.27,0.32,0.8658126897,8.6580885E-01,0,0.9360095696
meandonorage,FERRITIN,predspline,2,2563,0.28,0.14,0.8685861251,8.6859285E-01,0,0.9372100133
meandonorhb,BASOF,predspline,2,1912,0.25,0.13,0.8824695974,8.8247681E-01,0,0.9502637711
timesincecat,SR,predictorvalue,3,83,0.65,0.22,0.8843969039,8.8408469E-01,0,0.9502637711
meandonationtime,PCO2,predspline,2,16421,0.23,0.11,0.8932817028,8.9328240E-01,0,0.9548798176
meandonorsex,NEUTRO,predictorvalue,1,10904,0.02,0.02,0.8933232592,8.9332573E-01,0,0.9548798176
meandonorsex,ALB,predictorvalue,1,23081,0.02,0.02,0.8934935192,8.9349469E-01,0,0.9548798176
meandonorage,EOSINO,predspline,2,1916,0.22,0.11,0.8955223061,8.9552800E-01,0,0.9552298634
timesincecat,NEUTRO,predictorvalue,3,10907,0.59,0.20,0.8992309807,8.9922845E-01,0,0.9573534816
meanstoragetime,NA,predspline,2,46267,0.19,0.10,0.9084092786,9.0840946E-01,0,0.9636691111
meandonorsex,CRP,predictorvalue,1,47657,0.01,0.01,0.9089639897,9.0896447E-01,0,0.9636691111
idbloodgroupcat,HBA1C,predictorvalue,1,181,0.01,0.01,0.9101981483,9.1032314E-01,0,0.9636691111
meanweekday,TRANSF,predictorvalue,5,48,1.44,0.29,0.9201182397,9.1758603E-01,0,0.9695248655
meandonorhb,TROP_T,predspline,2,4317,0.16,0.08,0.9215341226,9.2153555E-01,0,0.9718642314
donorparity,NTPROBNP,predictorvalue,2,819,0.16,0.08,0.9234854443,9.2349259E-01,0,0.972097461
idbloodgroupcat,GT,predictorvalue,1,7722,0.01,0.01,0.9288664625,9.2886878E-01,0,0.9721604738
meandonorsex,NTPROBNP,predictorvalue,1,820,0.01,0.01,0.9317699842,9.3179088E-01,0,0.9721604738
meanstoragetime,ALAT,predspline,2,16849,0.14,0.07,0.9321528386,9.3215311E-01,0,0.9721604738
meandonorhb,KREA,predspline,2,49860,0.14,0.07,0.9334902297,9.3349032E-01,0,0.9721604738
numdoncat,OSMO,predictorvalue,4,6494,0.83,0.21,0.9345701169,9.3455989E-01,0,0.9721604738
meandonorage,LYMF,predspline,2,1920,0.13,0.07,0.9352322681,9.3523445E-01,0,0.9721604738
idbloodgroupcat,NA,predictorvalue,1,46292,0.01,0.01,0.936529988,9.3653033E-01,0,0.9721604738
meandonorsex,META,predictorvalue,1,377,0.01,0.01,0.9373987878,9.3744046E-01,0,0.9721604738
meanstoragetime,MONO,predspline,2,1923,0.12,0.06,0.9434892993,9.4349096E-01,0,0.9766265014
meandonorsex,LD,predictorvalue,1,6692,0.00,0.00,0.9482027396,9.4820468E-01,0,0.9782886614
donorparity,CRP,predictorvalue,2,47656,0.11,0.05,0.9487846297,9.4878468E-01,0,0.9782886614
timesincecat,META,predictorvalue,3,375,0.35,0.12,0.9503975095,9.5033756E-01,0,0.9782886614
meandonorsex,HBA1C,predictorvalue,1,181,0.00,0.00,0.9564085629,9.5646885E-01,0,0.9827936805
timesincecat,ALB,predictorvalue,3,23091,0.30,0.10,0.9597985807,9.5979772E-01,0,0.9844079203
numdoncat,FE,predictorvalue,4,1403,0.58,0.15,0.9647534956,9.6472134E-01,0,0.986707438
meanweekday,GT,predictorvalue,5,7730,0.95,0.19,0.9664889142,9.6647927E-01,0,0.986707438
donorparity,BILI_K,predictorvalue,2,4822,0.07,0.03,0.9673254634,9.6732568E-01,0,0.986707438
donorparity,CA_F,predictorvalue,2,20355,0.06,0.03,0.9722975577,9.7229760E-01,0,0.9871774142
idbloodgroupcat,FIB,predictorvalue,1,13646,0.00,0.00,0.974651839,9.7465230E-01,0,0.9871774142
meandonorsex,TROP_I,predictorvalue,1,579,0.00,0.00,0.977080809,9.7709071E-01,0,0.9871774142
idbloodgroupcat,EOSINO,predictorvalue,1,1915,0.00,0.00,0.977421646,9.7742459E-01,0,0.9871774142
timesincecat,TROP_I,predictorvalue,3,577,0.20,0.07,0.9776981826,9.7767591E-01,0,0.9871774142
meandonationtime,FE,predspline,2,1399,0.04,0.02,0.9783629955,9.7836333E-01,0,0.9871774142
donorparity,TROP_I,predictorvalue,2,578,0.03,0.01,0.9875167871,9.8751706E-01,0,0.9930865719
timesincecat,LPK,predictorvalue,3,56357,0.13,0.04,0.987766603,9.8776647E-01,0,0.9930865719
meanweekday,LAKTAT,predictorvalue,5,18872,0.50,0.10,0.9919642429,9.9196301E-01,0,0.9955184317
meanweekday,TRI,predictorvalue,5,2548,0.41,0.08,0.9950942309,9.9508835E-01,0,0.9968684754
meandonorage,ERYTRO,predspline,2,36592,0.00,0.00,0.9982350703,9.9823507E-01,0,0.9982350704
idbloodgroupcat,HB,predictorvalue,1,90456,558.39,558.39,1.88145E-123,4.4519191E-123,1,2.24377E-120
meandonationtime,EVF,predspline,2,54970,495.89,247.95,2.08071E-108,6.3243794E-108,1,1.59374E-105
meanstoragetime,HB,predspline,2,90416,388.74,194.37,3.864605E-85,5.8620515E-85,1,9.848246E-83
meanstoragetime,EVF,predspline,2,55063,237.25,118.62,3.034083E-52,3.9146864E-52,1,4.932505E-50
meanstoragetime,ERYTRO,predspline,2,36126,187.29,93.64,2.142123E-41,2.7283631E-41,1,2.75019E-39
meandonorage,MCV,predspline,2,36398,140.37,70.19,3.296548E-31,3.7730089E-31,1,3.169327E-29
meanstoragetime,MCV,predspline,2,36348,119.42,59.71,1.168464E-26,1.2886157E-26,1,9.278033E-25
numdoncat,EVF,predictorvalue,4,55159,87.73,21.93,4.00032E-18,4.1357358E-18,1,2.605514E-16
idbloodgroupcat,TPK,predictorvalue,1,53484,69.87,69.87,6.319325E-17,6.4692700E-17,1,3.622791E-15
meandonorage,MCH,predspline,2,36486,67.48,33.74,2.218183E-15,2.2884033E-15,1,1.153355E-13
idbloodgroupcat,ERYTRO,predictorvalue,1,36149,60.51,60.51,7.31872E-15,7.5124360E-15,1,3.442062E-13
idbloodgroupcat,CL,predictorvalue,1,20819,54.21,54.21,1.799341E-13,1.8662696E-13,1,7.838332E-12
idbloodgroupcat,BILI,predictorvalue,1,22133,40.98,40.98,1.540049E-10,1.5709380E-10,1,6.0904056E-9
timesincecat,EVF,predictorvalue,3,55160,37.55,12.52,3.5225549E-8,3.5439647E-08,1,1.2758273E-6
meanstoragetime,TPK,predspline,2,53453,33.65,16.82,4.9360123E-8,4.9622084E-08,1,1.667302E-6
donorparity,MCV,predictorvalue,2,36398,31.36,15.68,1.5474263E-7,1.5579102E-07,1,4.9074172E-6
meanstoragetime,MCH,predspline,2,36436,29.02,14.51,4.9986903E-7,5.0276384E-07,1,0.0000149055
meanweekday,EVF,predictorvalue,5,55147,36.08,7.22,9.1723646E-7,9.2181702E-07,1,0.0000258109
idbloodgroupcat,CA_F,predictorvalue,1,20111,23.07,23.07,1.5619942E-6,1.5732420E-06,1,0.0000417323
donorparity,MCH,predictorvalue,2,36486,23.92,11.96,6.393289E-6,6.4183929E-06,1,0.0001617435
meandonorsex,MCH,predictorvalue,1,36487,19.48,19.48,0.0000101823,1.0211467E-05,1,0.0002450752
idbloodgroupcat,KREA,predictorvalue,1,49792,18.30,18.30,0.0000189198,1.8955020E-05,1,0.0004342423
meanstoragetime,COHB,predspline,2,14005,20.24,10.12,0.0000402959,4.0591350E-05,1,0.00088948
meanstoragetime,BILI,predspline,2,22125,19.36,9.68,0.0000626623,6.2927992E-05,1,0.0012722692
meandonorsex,MCV,predictorvalue,1,36399,16.01,16.01,0.000062984,6.3108590E-05,1,0.0012722692
meanstoragetime,APTT,predspline,2,21893,19.07,9.53,0.0000724194,7.2720486E-05,1,0.0014096586
idbloodgroupcat,LAKTAT,predictorvalue,1,18642,15.02,15.02,0.0001061283,1.0649181E-04,1,0.0019878471
idbloodgroupcat,PCO2,predictorvalue,1,16274,14.40,14.40,0.0001477559,1.4829116E-04,1,0.0026692408
meandonorage,EVF,predspline,2,55134,16.96,8.48,0.0002073578,2.0762845E-04,1,0.0036084393
meanstoragetime,SR,predspline,2,80,16.90,8.45,0.0002139445,4.6851376E-04,1,0.0078710311
numdoncat,BILI_K,predictorvalue,4,4782,18.74,4.69,0.0008838417,8.9700126E-04,1,0.0142485131
numdoncat,HB,predictorvalue,4,90583,18.69,4.67,0.0009039643,9.0466750E-04,1,0.0142485131
idbloodgroupcat,TRI,predictorvalue,1,2526,10.79,10.79,0.0010205062,1.0344446E-03,1,0.0157987899
idbloodgroupcat,COHB,predictorvalue,1,14006,10.16,10.16,0.0014379798,1.4411369E-03,1,0.0213627353
numdoncat,MCV,predictorvalue,4,36416,16.73,4.18,0.0021807721,2.1840691E-03,1,0.0314505946
numdoncat,MCHC,predictorvalue,4,23850,15.91,3.98,0.0031422938,3.1487729E-03,1,0.0439012972
meanweekday,PCO2,predictorvalue,5,16281,17.80,3.56,0.003211873,3.2229127E-03,1,0.0439012972
meanstoragetime,KREA,predspline,2,49757,11.33,5.66,0.0034734528,3.4756916E-03,1,0.0460986462
meanstoragetime,ALB,predspline,2,22850,10.98,5.49,0.0041284136,4.1338607E-03,1,0.0534222002
meanstoragetime,CL,predspline,2,20815,10.57,5.28,0.0050731177,5.0799244E-03,1,0.0635786663
meandonorage,HB,predspline,2,90528,10.53,5.26,0.0051704908,5.1720740E-03,1,0.0635786663
meanstoragetime,LPK,predspline,2,55654,10.42,5.21,0.005449033,5.4516934E-03,1,0.0654203206
timesincecat,LD,predictorvalue,3,6634,12.36,4.12,0.0062519752,6.2827592E-03,1,0.0736397823
timesincecat,MCHC,predictorvalue,3,23851,11.96,3.99,0.0075066766,7.5162553E-03,1,0.0860952881
timesincecat,ERYTRO,predictorvalue,3,36196,11.74,3.91,0.0083286893,8.3354111E-03,1,0.093356604
meanweekday,TPK,predictorvalue,5,53535,15.14,3.03,0.0097883382,9.7952776E-03,1,0.107322172
donorparity,HB,predictorvalue,2,90529,9.18,4.59,0.0101368556,1.0139216E-02,1,0.1087269161
timesincecat,MCV,predictorvalue,3,36417,11.20,3.73,0.0106790908,1.0686830E-02,1,0.1122117184
idbloodgroupcat,STDBIK,predictorvalue,1,20060,6.46,6.46,0.0110290541,1.1036512E-02,1,0.113518408
donorparity,PCO2,predictorvalue,2,16283,8.69,4.35,0.0129414706,1.2956495E-02,1,0.1306014672
idbloodgroupcat,APTT,predictorvalue,1,21905,6.08,6.08,0.0136462964,1.3653895E-02,1,0.1349326054
idbloodgroupcat,PO2,predictorvalue,1,16363,5.94,5.94,0.0147696491,1.4780218E-02,1,0.1409529595
donorparity,K,predictorvalue,2,46302,8.42,4.21,0.0148167567,1.4822434E-02,1,0.1409529595
numdoncat,ERYTRO,predictorvalue,4,36195,12.20,3.05,0.0158988797,1.5910630E-02,1,0.1484992158
timesincecat,GT,predictorvalue,3,7670,10.21,3.40,0.0168445989,1.6891998E-02,1,0.154792128
timesincecat,MCH,predictorvalue,3,36505,10.14,3.38,0.0174257154,1.7435852E-02,1,0.1552920087
idbloodgroupcat,BILI_K,predictorvalue,1,4781,5.64,5.64,0.0175235888,1.7562787E-02,1,0.1552920087
meandonationtime,LPK,predspline,2,55561,7.95,3.98,0.0187458707,1.8751207E-02,1,0.1629415205
timesincecat,HB,predictorvalue,3,90584,9.90,3.30,0.0194097907,1.9414112E-02,1,0.1637985849
donorparity,EVF,predictorvalue,2,55134,7.88,3.94,0.019494349,1.9499832E-02,1,0.1637985849
meanstoragetime,K,predspline,2,46242,7.71,3.86,0.0211592816,2.1166084E-02,1,0.1748804351
idbloodgroupcat,MCHC,predictorvalue,1,23814,5.19,5.19,0.0226740743,2.2682885E-02,1,0.1843899034
idbloodgroupcat,K,predictorvalue,1,46266,5.13,5.13,0.0234555694,2.3460169E-02,1,0.1876813524
meandonorage,K,predspline,2,46302,7.36,3.68,0.0252097114,2.5217087E-02,1,0.1985845611
meandonorage,PCO2,predspline,2,16283,7.17,3.59,0.0277162086,2.7738096E-02,1,0.215076931
meandonationtime,BILI_K,predspline,2,4766,7.13,3.57,0.028270165,2.8345617E-02,1,0.2164574382
meandonorsex,MYELO,predictorvalue,1,350,4.80,4.80,0.0284016736,2.9060063E-02,1,0.2186010696
meandonorage,BILI_K,predspline,2,4784,7.01,3.51,0.0299795309,3.0056639E-02,1,0.2227727339
meandonorsex,EVF,predictorvalue,1,55135,4.64,4.64,0.0312549577,3.1259278E-02,1,0.228328641
idbloodgroupcat,LPK,predictorvalue,1,55698,4.57,4.57,0.0325602843,3.2564625E-02,1,0.2344653035
numdoncat,K,predictorvalue,4,46323,10.42,2.61,0.0338792657,3.3892733E-02,1,0.2405906694
meanstoragetime,TROP_T,predspline,2,4309,6.70,3.35,0.0350377598,3.5129110E-02,1,0.24590377
meanstoragetime,PCO2,predspline,2,16266,6.64,3.32,0.0362232104,3.6247729E-02,1,0.2502582958
numdoncat,TPK,predictorvalue,4,53550,10.10,2.52,0.0388187558,3.8831124E-02,1,0.2625033395
meanstoragetime,MCHC,predspline,2,23806,6.49,3.24,0.0390457464,3.9062997E-02,1,0.2625033395
idbloodgroupcat,PH,predictorvalue,1,20166,4.05,4.05,0.0441866871,4.4199958E-02,1,0.2931155084
meanstoragetime,CO2,predspline,2,1062,6.22,3.11,0.0446829131,4.5089640E-02,1,0.2951321922
numdoncat,MCH,predictorvalue,4,36504,9.68,2.42,0.046235039,4.6254534E-02,1,0.2960944271
meanweekday,BILI_K,predictorvalue,5,4779,11.26,2.25,0.0465183032,4.6693879E-02,1,0.2960944271
idbloodgroupcat,CO2,predictorvalue,1,1061,3.93,3.93,0.0473087534,4.7566192E-02,1,0.2960944271
meanweekday,NEUTRO,predictorvalue,5,10773,11.18,2.24,0.0478350436,4.7913799E-02,1,0.2960944271
meandonationtime,NA,predspline,2,45717,6.07,3.03,0.0481644008,4.8174093E-02,1,0.2960944271
timesincecat,METHB,predictorvalue,3,15391,7.84,2.61,0.0494652685,4.9503889E-02,1,0.3006019277
numdoncat,LPK,predictorvalue,4,55770,9.43,2.36,0.0511844103,5.1197677E-02,1,0.3071860617
meandonationtime,INR,predspline,2,27584,5.89,2.94,0.0526900321,5.2706580E-02,1,0.3095499569
donorparity,ALP,predictorvalue,2,6619,5.88,2.94,0.0527510399,5.2820032E-02,1,0.3095499569
meandonorsex,HBA1C,predictorvalue,1,178,3.75,3.75,0.0529636962,5.4548549E-02,1,0.3160053893
meanstoragetime,TROP_I,predspline,2,575,5.77,2.89,0.05575213,5.6560619E-02,1,0.3239380884
meanweekday,INR,predictorvalue,5,27692,10.66,2.13,0.0586585659,5.8691642E-02,1,0.332366151
idbloodgroupcat,META,predictorvalue,1,371,3.43,3.43,0.0639338296,6.4727823E-02,1,0.3624758088
meandonorsex,MONO,predictorvalue,1,1905,3.36,3.36,0.066665515,6.6821429E-02,1,0.370087916
meandonationtime,BE,predspline,2,19910,5.39,2.69,0.0675921624,6.7616806E-02,1,0.3704225028
timesincecat,CA_F,predictorvalue,3,20133,7.05,2.35,0.0701843292,7.0217358E-02,1,0.3805327763
meandonationtime,K,predspline,2,46182,5.28,2.64,0.0713962396,7.1407010E-02,1,0.38286312
meandonorsex,HB,predictorvalue,1,90530,3.23,3.23,0.0721657942,7.2169125E-02,1,0.3828761982
numdoncat,CA,predictorvalue,4,12610,8.53,2.13,0.0740878376,7.4154043E-02,1,0.3893087277
meandonorage,GLUKOS,predspline,2,44106,5.02,2.51,0.0814286614,8.1440274E-02,1,0.4231535903
meandonorsex,RET,predictorvalue,1,486,3.01,3.01,0.0829908174,8.3625022E-02,1,0.4300715421
donorparity,MYELO,predictorvalue,2,349,4.96,2.48,0.083911221,8.5386583E-02,1,0.4346953341
donorparity,HAPTO,predictorvalue,2,365,4.91,2.46,0.0856739975,8.7090208E-02,1,0.4370586705
meanweekday,EGFR,predictorvalue,5,7546,9.58,1.92,0.0882125008,8.8349443E-02,1,0.4370586705
meanstoragetime,OSMO,predspline,2,6411,4.85,2.43,0.0883712125,8.8452350E-02,1,0.4370586705
donorparity,HBA1C,predictorvalue,2,177,4.85,2.43,0.0883271018,9.1260835E-02,1,0.4463861117
meandonationtime,ERYTRO,predspline,2,36061,4.76,2.38,0.0924721216,9.2486657E-02,1,0.4463861117
meandonorsex,HAPTO,predictorvalue,1,366,2.84,2.84,0.0921445547,9.2997107E-02,1,0.4463861117
meanweekday,HB,predictorvalue,5,90558,9.36,1.87,0.0955128065,9.5524420E-02,1,0.4482582036
donorparity,OSMO,predictorvalue,2,6414,4.69,2.35,0.0957622298,9.5844389E-02,1,0.4482582036
meanstoragetime,EGFR,predspline,2,7536,4.69,2.34,0.0959891638,9.6059115E-02,1,0.4482582036
donorparity,COHB,predictorvalue,2,14013,4.66,2.33,0.0971091757,9.7146859E-02,1,0.4482582036
donorparity,LAKTAT,predictorvalue,2,18653,4.65,2.32,0.0978057939,9.7834132E-02,1,0.4482582036
meandonorsex,TPK,predictorvalue,1,53523,2.72,2.72,0.0992816901,9.9287559E-02,1,0.4491353095
donorparity,TPK,predictorvalue,2,53522,4.60,2.30,0.1001628913,1.0017280E-01,1,0.4491353095
numdoncat,TRI,predictorvalue,4,2529,7.77,1.94,0.1003453671,1.0069899E-01,1,0.4491353095
meandonorsex,PCO2,predictorvalue,1,16284,2.66,2.66,0.1025895207,1.0260886E-01,1,0.4536391517
meandonorsex,KREA,predictorvalue,1,49838,2.59,2.59,0.107458825,1.0746516E-01,1,0.4709777375
idbloodgroupcat,BASOF,predictorvalue,1,1909,2.58,2.58,0.1084728853,1.0863829E-01,1,0.4720146267
meanstoragetime,GLUKOS,predspline,2,44039,4.41,2.21,0.1101074437,1.1011961E-01,1,0.4743614142
meandonationtime,STDBIK,predspline,2,20036,4.30,2.15,0.1162591243,1.1628599E-01,1,0.4928677178
meanstoragetime,GT,predspline,2,7656,4.30,2.15,0.1163012271,1.1637154E-01,1,0.4928677178
meandonorsex,TRI,predictorvalue,1,2531,2.44,2.44,0.1180429598,1.1816798E-01,1,0.4963055015
meandonorsex,LAKTAT,predictorvalue,1,18654,2.41,2.41,0.1202442207,1.2026119E-01,1,0.500922623
meandonorage,LAKTAT,predspline,2,18653,4.22,2.11,0.1215369895,1.2156593E-01,1,0.5022067902
meandonationtime,MCV,predspline,2,36281,4.18,2.09,0.1236613899,1.2367628E-01,1,0.5038688137
numdoncat,FIB,predictorvalue,4,13548,7.24,1.81,0.1238998507,1.2396772E-01,1,0.5038688137
donorparity,TRI,predictorvalue,2,2530,4.13,2.06,0.1270734684,1.2728718E-01,1,0.513221897
numdoncat,LD,predictorvalue,4,6633,7.04,1.76,0.1335492059,1.3368850E-01,1,0.5337548195
meandonorage,OSMO,predspline,2,6414,4.00,2.00,0.1353025057,1.3538690E-01,1,0.5337548195
idbloodgroupcat,NEUTRO,predictorvalue,1,10769,2.23,2.23,0.1355274852,1.3555678E-01,1,0.5337548195
meanweekday,MCH,predictorvalue,5,36496,8.32,1.66,0.1394230921,1.3945329E-01,1,0.5448407781
meandonorsex,COHB,predictorvalue,1,14014,2.16,2.16,0.1416576351,1.4168008E-01,1,0.5487009338
meandonationtime,FIB,predspline,2,13493,3.85,1.93,0.1456156093,1.4565567E-01,1,0.5487009338
donorparity,MONO,predictorvalue,2,1904,3.85,1.93,0.1455737709,1.4585760E-01,1,0.5487009338
timesincecat,TRI,predictorvalue,3,2530,5.38,1.79,0.1457649362,1.4605733E-01,1,0.5487009338
meandonorsex,ALP,predictorvalue,1,6620,2.11,2.11,0.1465247931,1.4657218E-01,1,0.5487009338
meanweekday,FERRITIN,predictorvalue,5,2548,8.18,1.64,0.146540811,1.4697346E-01,1,0.5487009338
donorparity,CL,predictorvalue,2,20833,3.79,1.90,0.1501954642,1.5022138E-01,1,0.5489494367
meandonorsex,CA,predictorvalue,1,12608,2.07,2.07,0.1502166128,1.5024144E-01,1,0.5489494367
meandonorsex,STDBIK,predictorvalue,1,20074,2.06,2.06,0.1511908055,1.5120639E-01,1,0.5489494367
meanstoragetime,NEUTRO,predspline,2,10759,3.78,1.89,0.1513466206,1.5139677E-01,1,0.5489494367
meandonorsex,MCHC,predictorvalue,1,23840,2.01,2.01,0.1562720926,1.5628516E-01,1,0.5626265844
idbloodgroupcat,TROP_T,predictorvalue,1,4313,1.97,1.97,0.1600112259,1.6008324E-01,1,0.5722124498
meandonationtime,RET,predspline,2,484,3.66,1.83,0.1602425247,1.6135082E-01,1,0.572681775
timesincecat,APTT,predictorvalue,3,21937,5.13,1.71,0.1627915004,1.6282506E-01,1,0.5738729287
donorparity,FERRITIN,predictorvalue,2,2550,3.51,1.76,0.1727546578,1.7296346E-01,1,0.6051206994
meandonorsex,BILI_K,predictorvalue,1,4785,1.85,1.85,0.1742846012,1.7434864E-01,1,0.6051206994
numdoncat,KREA,predictorvalue,4,49858,6.34,1.58,0.1752745323,1.7529290E-01,1,0.6051206994
meanweekday,BASOF,predictorvalue,5,1907,7.61,1.52,0.1788625599,1.7943350E-01,1,0.6152005768
meandonorage,CO2,predspline,2,1063,3.38,1.69,0.1847326355,1.8522792E-01,1,0.6262539198
meanweekday,MYELO,predictorvalue,5,346,7.55,1.51,0.1829421003,1.8606077E-01,1,0.6262539198
timesincecat,EGFR,predictorvalue,3,7550,4.76,1.59,0.190364972,1.9046042E-01,1,0.6262539198
donorparity,LYMF,predictorvalue,2,1897,3.32,1.66,0.190552594,1.9082855E-01,1,0.6262539198
meanweekday,LPK,predictorvalue,5,55756,7.41,1.48,0.1917637071,1.9178305E-01,1,0.6262539198
meandonationtime,APTT,predspline,2,21847,3.30,1.65,0.192357905,1.9238183E-01,1,0.6262539198
meanweekday,RET,predictorvalue,5,482,7.41,1.48,0.1918555624,1.9408079E-01,1,0.6262539198
numdoncat,EGFR,predictorvalue,4,7549,6.03,1.51,0.1970138638,1.9713282E-01,1,0.6262539198
meandonationtime,ALAT,predspline,2,16669,3.24,1.62,0.1977240907,1.9775525E-01,1,0.6262539198
timesincecat,HAPTO,predictorvalue,3,364,4.68,1.56,0.1969475647,1.9890631E-01,1,0.6262539198
idbloodgroupcat,INR,predictorvalue,1,27663,1.65,1.65,0.1989188419,1.9892960E-01,1,0.6262539198
meandonationtime,BASOF,predspline,2,1907,3.21,1.61,0.2007896642,2.0106094E-01,1,0.6262539198
timesincecat,EOSINO,predictorvalue,3,1892,4.63,1.54,0.2007442746,2.0112067E-01,1,0.6262539198
meandonationtime,HBA1C,predspline,2,177,3.24,1.62,0.1983064096,2.0122527E-01,1,0.6262539198
meandonorage,ASAT,predspline,2,15142,3.21,1.60,0.2012617441,2.0129590E-01,1,0.6262539198
donorparity,MCHC,predictorvalue,2,23839,3.16,1.58,0.2063380581,2.0635962E-01,1,0.6380689989
meanstoragetime,PH,predspline,2,20161,3.14,1.57,0.2077426567,2.0776810E-01,1,0.6385068486
meandonorsex,INR,predictorvalue,1,27684,1.56,1.56,0.2112079316,2.1121850E-01,1,0.641617028
meandonorage,CL,predspline,2,20833,3.09,1.55,0.2131955186,2.1321996E-01,1,0.641617028
donorparity,RET,predictorvalue,2,485,3.09,1.55,0.2128233879,2.1387208E-01,1,0.641617028
donorparity,STDBIK,predictorvalue,2,20073,3.08,1.54,0.2138469961,2.1387234E-01,1,0.641617028
meandonationtime,NEUTRO,predspline,2,10749,3.05,1.53,0.2173747403,2.1742184E-01,1,0.6447394233
meandonationtime,LYMF,predspline,2,1894,3.04,1.52,0.2182344565,2.1850131E-01,1,0.6447394233
meanstoragetime,BE,predspline,2,19929,3.02,1.51,0.2210523822,2.2107765E-01,1,0.6447394233
meanweekday,CO2,predictorvalue,5,1061,7.00,1.40,0.220908615,2.2188711E-01,1,0.6447394233
meandonorage,STDBIK,predspline,2,20073,2.99,1.50,0.2239117139,2.2393669E-01,1,0.6447394233
timesincecat,PO2,predictorvalue,3,16381,4.36,1.45,0.2254036925,2.2544578E-01,1,0.6447394233
meandonationtime,OSMO,predspline,2,6399,2.96,1.48,0.2278544102,2.2793229E-01,1,0.6447394233
idbloodgroupcat,MCH,predictorvalue,1,36456,1.45,1.45,0.2283422036,2.2835002E-01,1,0.6447394233
timesincecat,LYMF,predictorvalue,3,1896,4.33,1.44,0.2284270523,2.2878873E-01,1,0.6447394233
numdoncat,NA,predictorvalue,4,45861,5.61,1.40,0.2298747097,2.2989346E-01,1,0.6447394233
meandonorsex,K,predictorvalue,1,46303,1.44,1.44,0.2308207468,2.3082688E-01,1,0.6447394233
meandonationtime,HAPTO,predspline,2,364,2.94,1.47,0.2300512369,2.3141264E-01,1,0.6447394233
timesincecat,ALP,predictorvalue,3,6620,4.29,1.43,0.2314401684,2.3154332E-01,1,0.6447394233
timesincecat,BILI_K,predictorvalue,3,4783,4.27,1.42,0.23347547,2.3361777E-01,1,0.6450435702
meanstoragetime,PO2,predspline,2,16360,2.89,1.45,0.2353177832,2.3534789E-01,1,0.6450435702
numdoncat,CA_F,predictorvalue,4,20132,5.55,1.39,0.2354549778,2.3549730E-01,1,0.6450435702
donorparity,KREA,predictorvalue,2,49837,2.88,1.44,0.2367620849,2.3677195E-01,1,0.6450435702
meanweekday,ALP,predictorvalue,5,6615,6.77,1.35,0.2384857382,2.3863872E-01,1,0.6464850438
meandonationtime,EOSINO,predspline,2,1890,2.86,1.43,0.2398470353,2.4010560E-01,1,0.6464850438
idbloodgroupcat,ALAT,predictorvalue,1,16718,1.37,1.37,0.2411324799,2.4114918E-01,1,0.6464850438
meanstoragetime,BILI_K,predspline,2,4776,2.81,1.41,0.2448560258,2.4495751E-01,1,0.651945619
numdoncat,NEUTRO,predictorvalue,4,10779,5.43,1.36,0.2463042893,2.4638187E-01,1,0.651945619
meandonorage,MONO,predspline,2,1904,2.80,1.40,0.2468130566,2.4706669E-01,1,0.651945619
meandonorage,ALP,predspline,2,6619,2.77,1.38,0.2507408009,2.5081328E-01,1,0.6541756435
meanweekday,ASAT,predictorvalue,5,15142,6.60,1.32,0.2521287206,2.5219396E-01,1,0.6541756435
meanweekday,PH,predictorvalue,5,20181,6.59,1.32,0.2533713763,2.5342021E-01,1,0.6541756435
meandonorage,LD,predspline,2,6634,2.74,1.37,0.2542188621,2.5429073E-01,1,0.6541756435
numdoncat,CL,predictorvalue,4,20842,5.34,1.33,0.2543621006,2.5440164E-01,1,0.6541756435
meandonorage,BE,predspline,2,19947,2.72,1.36,0.2565977378,2.5662154E-01,1,0.6565342915
timesincecat,KREA,predictorvalue,3,49859,4.01,1.34,0.2604168351,2.6042986E-01,1,0.6606770992
meandonationtime,CRP,predspline,2,47067,2.69,1.34,0.2611428101,2.6115281E-01,1,0.6606770992
meanstoragetime,ALP,predspline,2,6610,2.66,1.33,0.2641573284,2.6422814E-01,1,0.6606770992
meandonorage,CRP,predspline,2,47224,2.66,1.33,0.2648511795,2.6486108E-01,1,0.6606770992
meandonationtime,TROP_I,predspline,2,574,2.65,1.32,0.2658241817,2.6663587E-01,1,0.6606770992
timesincecat,BILI,predictorvalue,3,22162,3.95,1.32,0.2667763109,2.6680524E-01,1,0.6606770992
meandonationtime,MYELO,predspline,2,348,2.65,1.32,0.2660800974,2.6741692E-01,1,0.6606770992
meandonorage,RET,predspline,2,485,2.62,1.31,0.2700903611,2.7104283E-01,1,0.6663687153
idbloodgroupcat,LYMF,predictorvalue,1,1896,1.18,1.18,0.2767849052,2.7692314E-01,1,0.6746835439
meandonationtime,GT,predspline,2,7640,2.57,1.28,0.2773219101,2.7738161E-01,1,0.6746835439
meandonorage,BASOF,predspline,2,1910,2.56,1.28,0.2782025174,2.7844083E-01,1,0.6746835439
numdoncat,INR,predictorvalue,4,27702,5.07,1.27,0.2800152762,2.8004351E-01,1,0.6753202314
meandonationtime,BILI,predspline,2,22079,2.52,1.26,0.2833029913,2.8332340E-01,1,0.6794471344
meanweekday,GLUKOS,predictorvalue,5,44113,6.22,1.24,0.2851651354,2.8518603E-01,1,0.6794471344
donorparity,META,predictorvalue,2,370,2.50,1.25,0.2865178365,2.8772482E-01,1,0.6794471344
meanstoragetime,ASAT,predspline,2,15119,2.45,1.23,0.2933933205,2.9342250E-01,1,0.6794471344
idbloodgroupcat,TRANSF,predictorvalue,1,49,1.12,1.12,0.2888659926,2.9406598E-01,1,0.6794471344
timesincecat,GLUKOS,predictorvalue,3,44128,3.71,1.24,0.2945117888,2.9452548E-01,1,0.6794471344
numdoncat,BASOF,predictorvalue,4,1908,4.92,1.23,0.295337916,2.9573334E-01,1,0.6794471344
meandonationtime,META,predspline,2,369,2.44,1.22,0.2958148911,2.9700139E-01,1,0.6794471344
meandonationtime,PH,predspline,2,20142,2.42,1.21,0.2974570153,2.9747873E-01,1,0.6794471344
idbloodgroupcat,MCV,predictorvalue,1,36368,1.08,1.08,0.2978365195,2.9784344E-01,1,0.6794471344
donorparity,ALAT,predictorvalue,2,16738,2.42,1.21,0.2984475201,2.9847359E-01,1,0.6794471344
meanweekday,MONO,predictorvalue,5,1901,6.08,1.22,0.2987846979,2.9925340E-01,1,0.6794471344
meanstoragetime,META,predspline,2,369,2.42,1.21,0.2980996786,2.9928029E-01,1,0.6794471344
meandonorsex,META,predictorvalue,1,371,1.07,1.07,0.3011575158,3.0183102E-01,1,0.6821651673
idbloodgroupcat,ALB,predictorvalue,1,22851,1.05,1.05,0.3044380066,3.0444888E-01,1,0.6850099733
meandonorsex,PO2,predictorvalue,1,16375,1.04,1.04,0.3070815493,3.0709664E-01,1,0.6864925086
meandonorage,COHB,predspline,2,14013,2.36,1.18,0.3078014635,3.0783196E-01,1,0.6864925086
meandonationtime,ALB,predspline,2,22785,2.31,1.16,0.3142766236,3.1429510E-01,1,0.6978182011
idbloodgroupcat,BE,predictorvalue,1,19934,1.00,1.00,0.3174546951,3.1746683E-01,1,0.7006776368
meanweekday,EOSINO,predictorvalue,5,1890,5.88,1.18,0.3179148576,3.1836345E-01,1,0.7006776368
meandonorage,TRANSF,predspline,2,48,2.33,1.17,0.3112823361,3.1995748E-01,1,0.7011242149
meandonationtime,TRANSF,predspline,2,48,2.30,1.15,0.3165513662,3.2512193E-01,1,0.7071474893
numdoncat,ALB,predictorvalue,4,22887,4.64,1.16,0.3261556466,3.2618616E-01,1,0.7071474893
meanweekday,APTT,predictorvalue,5,21929,5.78,1.16,0.3282331283,3.2827075E-01,1,0.7071474893
numdoncat,PO2,predictorvalue,4,16380,4.60,1.15,0.330593353,3.3063547E-01,1,0.7071474893
meandonorage,INR,predspline,2,27683,2.21,1.11,0.3311096418,3.3112425E-01,1,0.7071474893
meandonationtime,NTPROBNP,predspline,2,807,2.21,1.10,0.3318860131,3.3238579E-01,1,0.7071474893
meandonationtime,METHB,predspline,2,15350,2.20,1.10,0.3333789981,3.3340520E-01,1,0.7071474893
meanweekday,STDBIK,predictorvalue,5,20074,5.73,1.15,0.3338903274,3.3393076E-01,1,0.7071474893
meanweekday,ERYTRO,predictorvalue,5,36187,5.66,1.13,0.3402471289,3.4026914E-01,1,0.7134544899
meandonationtime,CA,predspline,2,12562,2.15,1.08,0.3407590131,3.4079045E-01,1,0.7134544899
numdoncat,CO2,predictorvalue,4,1062,4.50,1.13,0.3420667204,3.4269439E-01,1,0.7134544899
meanstoragetime,HAPTO,predspline,2,363,2.15,1.07,0.3416799579,3.4276290E-01,1,0.7134544899
donorparity,ASAT,predictorvalue,2,15142,2.13,1.06,0.3451809871,3.4520678E-01,1,0.7134544899
numdoncat,BILI,predictorvalue,4,22161,4.48,1.12,0.3453727238,3.4540257E-01,1,0.7134544899
numdoncat,RET,predictorvalue,4,483,4.46,1.12,0.3469934422,3.4835055E-01,1,0.7166068382
donorparity,CA,predictorvalue,2,12607,2.09,1.04,0.3517758711,3.5180633E-01,1,0.7207739365
timesincecat,BASOF,predictorvalue,3,1909,3.26,1.09,0.3532723242,3.5354443E-01,1,0.7214024095
meandonationtime,CO2,predspline,2,1062,2.05,1.02,0.359198696,3.5955299E-01,1,0.7307044644
meandonorage,HAPTO,predspline,2,365,2.00,1.00,0.3682752998,3.6927981E-01,1,0.7474579343
meandonationtime,CA_F,predspline,2,20087,1.98,0.99,0.3711010175,3.7111917E-01,1,0.7481762481
meandonorsex,ASAT,predictorvalue,1,15143,0.78,0.78,0.3760144698,3.7602853E-01,1,0.7550532958
numdoncat,MYELO,predictorvalue,4,347,4.22,1.05,0.3774259176,3.7914021E-01,1,0.7582804254
donorparity,BILI_K,predictorvalue,2,4784,1.92,0.96,0.3819642583,3.8203820E-01,1,0.7586557415
meanweekday,PO2,predictorvalue,5,16374,5.26,1.05,0.3844673979,3.8450944E-01,1,0.7586557415
meandonorage,PH,predspline,2,20179,1.91,0.95,0.3849045358,3.8492192E-01,1,0.7586557415
timesincecat,CRP,predictorvalue,3,47249,3.04,1.01,0.3853389594,3.8534895E-01,1,0.7586557415
donorparity,PO2,predictorvalue,2,16374,1.87,0.94,0.3916977381,3.9171875E-01,1,0.763449936
meanstoragetime,NTPROBNP,predspline,2,810,1.87,0.94,0.3918234559,3.9224768E-01,1,0.763449936
timesincecat,COHB,predictorvalue,3,14018,2.99,1.00,0.393393069,3.9342587E-01,1,0.763449936
meanstoragetime,LAKTAT,predspline,2,18638,1.86,0.93,0.3938248735,3.9384322E-01,1,0.763449936
meandonationtime,EGFR,predspline,2,7547,1.84,0.92,0.3992060691,3.9925067E-01,1,0.7665037297
meandonorage,TPK,predspline,2,53522,1.84,0.92,0.3993685801,3.9937487E-01,1,0.7665037297
timesincecat,STDBIK,predictorvalue,3,20081,2.93,0.98,0.4019041747,4.0192644E-01,1,0.7665037297
numdoncat,LYMF,predictorvalue,4,1895,4.02,1.00,0.4033544781,4.0364264E-01,1,0.7665037297
meandonorage,HBA1C,predspline,2,177,1.82,0.91,0.4024938834,4.0436882E-01,1,0.7665037297
donorparity,FE,predictorvalue,2,1395,1.81,0.90,0.4047197863,4.0495704E-01,1,0.7665037297
meandonationtime,LD,predspline,2,6609,1.79,0.90,0.4082834482,4.0833301E-01,1,0.7665037297
donorparity,LD,predictorvalue,2,6634,1.79,0.89,0.4095160708,4.0956527E-01,1,0.7665037297
donorparity,BASOF,predictorvalue,2,1910,1.78,0.89,0.4116747547,4.1184446E-01,1,0.7665037297
idbloodgroupcat,LD,predictorvalue,1,6621,0.67,0.67,0.4122382762,4.1226779E-01,1,0.7665037297
meanstoragetime,HBA1C,predspline,2,176,1.78,0.89,0.4115013179,4.1333653E-01,1,0.7665037297
donorparity,NEUTRO,predictorvalue,2,10776,1.75,0.88,0.4165697002,4.1659934E-01,1,0.7665037297
numdoncat,BE,predictorvalue,4,19955,3.92,0.98,0.4167331337,4.1675918E-01,1,0.7665037297
numdoncat,MONO,predictorvalue,4,1902,3.92,0.98,0.4171125972,4.1738526E-01,1,0.7665037297
meandonorage,MCHC,predspline,2,23839,1.74,0.87,0.41821787,4.1823120E-01,1,0.7665037297
meandonorsex,BASOF,predictorvalue,1,1911,0.64,0.64,0.4238848439,4.2398423E-01,1,0.7742320803
meandonorage,NEUTRO,predspline,2,10776,1.68,0.84,0.4320838729,4.3211211E-01,1,0.7842352708
idbloodgroupcat,CRP,predictorvalue,1,47189,0.61,0.61,0.4331122513,4.3311619E-01,1,0.7842352708
meanweekday,CRP,predictorvalue,5,47234,4.84,0.97,0.4352574238,4.3526932E-01,1,0.7842352708
timesincecat,CA,predictorvalue,3,12611,2.73,0.91,0.4356548022,4.3568626E-01,1,0.7842352708
idbloodgroupcat,ASAT,predictorvalue,1,15124,0.60,0.60,0.4391538671,4.3916596E-01,1,0.7872952434
timesincecat,BE,predictorvalue,3,19956,2.70,0.90,0.4404909111,4.4051043E-01,1,0.7872952434
timesincecat,PCO2,predictorvalue,3,16288,2.67,0.89,0.4460690178,4.4609243E-01,1,0.7944543659
donorparity,INR,predictorvalue,2,27683,1.59,0.80,0.4512070435,4.5121737E-01,1,0.7983846404
meandonationtime,TRI,predspline,2,2522,1.59,0.80,0.4513542838,4.5146751E-01,1,0.7983846404
meandonorsex,FE,predictorvalue,1,1396,0.54,0.54,0.4607290384,4.6085301E-01,1,0.8088323063
meandonationtime,ASAT,predspline,2,15081,1.55,0.77,0.461113026,4.6113135E-01,1,0.8088323063
meandonorsex,CA_F,predictorvalue,1,20125,0.54,0.54,0.4621813213,4.6218989E-01,1,0.8088323063
meandonorage,EGFR,predspline,2,7547,1.50,0.75,0.4726232589,4.7265843E-01,1,0.8189492048
meandonorsex,NTPROBNP,predictorvalue,1,813,0.51,0.51,0.473015979,4.7322211E-01,1,0.8189492048
meanstoragetime,MYELO,predspline,2,348,1.50,0.75,0.4733186194,4.7407801E-01,1,0.8189492048
meandonorsex,CO2,predictorvalue,1,1064,0.51,0.51,0.4754711754,4.7562767E-01,1,0.8189492048
numdoncat,PH,predictorvalue,4,20187,3.51,0.88,0.4766749224,4.7669481E-01,1,0.8189492048
idbloodgroupcat,RET,predictorvalue,1,486,0.50,0.50,0.477379556,4.7772037E-01,1,0.8189492048
meanstoragetime,LD,predspline,2,6620,1.47,0.73,0.4799826644,4.8002172E-01,1,0.8201049102
timesincecat,FERRITIN,predictorvalue,3,2550,2.45,0.82,0.4850895455,4.8521687E-01,1,0.8238196879
idbloodgroupcat,OSMO,predictorvalue,1,6411,0.48,0.48,0.4882791472,4.8830425E-01,1,0.8238196879
timesincecat,TPK,predictorvalue,3,53551,2.43,0.81,0.4883339109,4.8833989E-01,1,0.8238196879
donorparity,EGFR,predictorvalue,2,7547,1.43,0.72,0.4887011049,4.8873430E-01,1,0.8238196879
meandonorage,FE,predspline,2,1395,1.42,0.71,0.4913007531,4.9147855E-01,1,0.8247390354
meandonorage,LPK,predspline,2,55740,1.42,0.71,0.492548048,4.9255248E-01,1,0.8247390354
meandonationtime,CL,predspline,2,20790,1.39,0.69,0.4996550018,4.9966657E-01,1,0.8315143636
numdoncat,ASAT,predictorvalue,4,15147,3.36,0.84,0.4998749531,4.9989852E-01,1,0.8315143636
meandonorage,TROP_I,predspline,2,576,1.36,0.68,0.5068620493,5.0726789E-01,1,0.8409967695
meandonorage,PO2,predspline,2,16374,1.34,0.67,0.511559904,5.1157394E-01,1,0.8453549701
meandonorage,MYELO,predspline,2,349,1.32,0.66,0.5167631735,5.1740728E-01,1,0.8492614556
meandonationtime,TROP_T,predspline,2,4299,1.31,0.66,0.5187723356,5.1882430E-01,1,0.8492614556
meandonorage,CA,predspline,2,12607,1.31,0.65,0.520181971,5.2019960E-01,1,0.8492614556
meandonationtime,KREA,predspline,2,49672,1.31,0.65,0.5206736897,5.2067815E-01,1,0.8492614556
donorparity,ALB,predictorvalue,2,22877,1.26,0.63,0.5315137269,5.3152301E-01,1,0.8622599743
numdoncat,HBA1C,predictorvalue,4,175,3.17,0.79,0.5303688952,5.3206915E-01,1,0.8622599743
meandonorsex,BE,predictorvalue,1,19948,0.39,0.39,0.5340861628,5.3409327E-01,1,0.8627660494
numdoncat,CRP,predictorvalue,4,47248,3.09,0.77,0.543608924,5.4361477E-01,1,0.875341354
meandonorsex,TRANSF,predictorvalue,1,49,0.37,0.37,0.5436045199,5.4640904E-01,1,0.8770387094
numdoncat,EOSINO,predictorvalue,4,1891,3.05,0.76,0.54900586,5.4914672E-01,1,0.877316912
idbloodgroupcat,MONO,predictorvalue,1,1903,0.36,0.36,0.549992652,5.5006378E-01,1,0.877316912
meandonorsex,TROP_T,predictorvalue,1,4315,0.35,0.35,0.5558855577,5.5591639E-01,1,0.8805759745
numdoncat,PCO2,predictorvalue,4,16287,3.01,0.75,0.5562320313,5.5624761E-01,1,0.8805759745
meandonorsex,EGFR,predictorvalue,1,7548,0.34,0.34,0.5573311324,5.5734868E-01,1,0.8805759745
meanweekday,LYMF,predictorvalue,5,1894,3.91,0.78,0.5618700563,5.6200732E-01,1,0.8844389419
idbloodgroupcat,GLUKOS,predictorvalue,1,44075,0.33,0.33,0.5633004211,5.6330337E-01,1,0.8844389419
meanweekday,KREA,predictorvalue,5,49845,3.88,0.78,0.5671962684,5.6720125E-01,1,0.8877932672
idbloodgroupcat,METHB,predictorvalue,1,15378,0.32,0.32,0.5698686114,5.6987691E-01,1,0.8892196961
meanweekday,SR,predictorvalue,5,77,3.83,0.77,0.5748625881,5.7781726E-01,1,0.8901464726
donorparity,BE,predictorvalue,2,19947,1.09,0.55,0.5792541884,5.7926285E-01,1,0.8901464726
numdoncat,FERRITIN,predictorvalue,4,2549,2.87,0.72,0.5797162613,5.7979996E-01,1,0.8901464726
meandonorage,GT,predspline,2,7668,1.09,0.54,0.581105787,5.8112812E-01,1,0.8901464726
timesincecat,ALAT,predictorvalue,3,16744,1.95,0.65,0.5820364058,5.8204809E-01,1,0.8901464726
donorparity,FIB,predictorvalue,2,13541,1.08,0.54,0.5832776744,5.8329019E-01,1,0.8901464726
meandonorsex,OSMO,predictorvalue,1,6415,0.30,0.30,0.5843992562,5.8441828E-01,1,0.8901464726
donorparity,GLUKOS,predictorvalue,2,44106,1.07,0.53,0.5860258586,5.8602965E-01,1,0.8901464726
numdoncat,LAKTAT,predictorvalue,4,18661,2.83,0.71,0.5863554835,5.8636633E-01,1,0.8901464726
meanweekday,K,predictorvalue,5,46308,3.70,0.74,0.5933304308,5.9333459E-01,1,0.8980199258
meandonorsex,LYMF,predictorvalue,1,1898,0.27,0.27,0.6002492327,6.0031042E-01,1,0.9033854734
numdoncat,TROP_T,predictorvalue,4,4313,2.75,0.69,0.6005080589,6.0054961E-01,1,0.9033854734
timesincecat,ASAT,predictorvalue,3,15148,1.86,0.62,0.6022456702,6.0225698E-01,1,0.9033854734
meanweekday,HBA1C,predictorvalue,5,174,3.63,0.73,0.6034394638,6.0442219E-01,1,0.9039429739
meandonorsex,FIB,predictorvalue,1,13542,0.26,0.26,0.6081562437,6.0816461E-01,1,0.9046293472
donorparity,SR,predictorvalue,2,80,0.99,0.49,0.6110867086,6.1292731E-01,1,0.9046293472
meanweekday,LD,predictorvalue,5,6628,3.56,0.71,0.6139030207,6.1392580E-01,1,0.9046293472
meanweekday,TROP_I,predictorvalue,5,573,3.56,0.71,0.6143776454,6.1463916E-01,1,0.9046293472
idbloodgroupcat,NTPROBNP,predictorvalue,1,812,0.25,0.25,0.6172843564,6.1741973E-01,1,0.9046293472
numdoncat,GT,predictorvalue,4,7669,2.65,0.66,0.618148153,6.1816790E-01,1,0.9046293472
meandonorsex,NA,predictorvalue,1,45842,0.24,0.24,0.623765571,6.2376792E-01,1,0.9046293472
numdoncat,METHB,predictorvalue,4,15390,2.61,0.65,0.6247584368,6.2476762E-01,1,0.9046293472
meandonationtime,LAKTAT,predspline,2,18620,0.93,0.47,0.6279276768,6.2793498E-01,1,0.9046293472
meandonorage,TROP_T,predspline,2,4314,0.93,0.47,0.6280309373,6.2806243E-01,1,0.9046293472
meanweekday,CA_F,predictorvalue,5,20126,3.47,0.69,0.6280822573,6.2808839E-01,1,0.9046293472
meanweekday,META,predictorvalue,5,367,3.47,0.69,0.6278110228,6.2814818E-01,1,0.9046293472
meandonorage,KREA,predspline,2,49837,0.93,0.46,0.6282121003,6.2821482E-01,1,0.9046293472
meanweekday,HAPTO,predictorvalue,5,362,3.46,0.69,0.6297250533,6.3005684E-01,1,0.904696995
meanweekday,TROP_T,predictorvalue,5,4310,3.43,0.69,0.6337513303,6.3377745E-01,1,0.9074540787
meanstoragetime,RET,predspline,2,485,0.91,0.45,0.6359965935,6.3626489E-01,1,0.9082945241
numdoncat,HAPTO,predictorvalue,4,363,2.51,0.63,0.6428007307,6.4311589E-01,1,0.9082945241
meandonorage,META,predspline,2,370,0.88,0.44,0.6443985751,6.4473445E-01,1,0.9082945241
timesincecat,MYELO,predictorvalue,3,348,1.66,0.55,0.6457083082,6.4606095E-01,1,0.9082945241
meanweekday,ALB,predictorvalue,5,22878,3.33,0.67,0.6487873714,6.4879108E-01,1,0.9082945241
meandonorsex,GLUKOS,predictorvalue,1,44107,0.21,0.21,0.6499490604,6.4995129E-01,1,0.9082945241
meandonorsex,TROP_I,predictorvalue,1,577,0.21,0.21,0.6504671534,6.5063749E-01,1,0.9082945241
idbloodgroupcat,EVF,predictorvalue,1,55094,0.20,0.20,0.6520741108,6.5207589E-01,1,0.9082945241
meandonationtime,ALP,predspline,2,6589,0.85,0.42,0.6539868466,6.5400475E-01,1,0.9082945241
numdoncat,GLUKOS,predictorvalue,4,44127,2.44,0.61,0.6549127832,6.5491499E-01,1,0.9082945241
numdoncat,TRANSF,predictorvalue,3,47,1.62,0.54,0.6558854436,6.5824850E-01,1,0.9082945241
meanstoragetime,INR,predspline,2,27655,0.83,0.41,0.6612793631,6.6128345E-01,1,0.9082945241
meandonorage,NTPROBNP,predspline,2,812,0.83,0.41,0.6614615019,6.6160057E-01,1,0.9082945241
numdoncat,TROP_I,predictorvalue,4,574,2.39,0.60,0.6642563237,6.6440359E-01,1,0.9082945241
meandonorsex,FERRITIN,predictorvalue,1,2551,0.19,0.19,0.6650818302,6.6511843E-01,1,0.9082945241
meandonorage,NA,predspline,2,45841,0.81,0.41,0.6655517594,6.6555417E-01,1,0.9082945241
meanweekday,FIB,predictorvalue,5,13542,3.22,0.64,0.6660661406,6.6607016E-01,1,0.9082945241
timesincecat,HBA1C,predictorvalue,3,176,1.57,0.52,0.666225595,6.6680352E-01,1,0.9082945241
meandonorage,METHB,predspline,2,15385,0.78,0.39,0.6754058038,6.7541256E-01,1,0.9120615682
meanweekday,COHB,predictorvalue,5,14014,3.15,0.63,0.6762859089,6.7628857E-01,1,0.9120615682
meanstoragetime,BASOF,predspline,2,1906,0.78,0.39,0.6783818643,6.7843545E-01,1,0.9120615682
meandonorsex,EOSINO,predictorvalue,1,1894,0.17,0.17,0.6814173722,6.8146381E-01,1,0.9120615682
idbloodgroupcat,TROP_I,predictorvalue,1,577,0.17,0.17,0.6830391621,6.8319064E-01,1,0.9120615682
meanstoragetime,TRI,predspline,2,2526,0.76,0.38,0.6839721345,6.8401119E-01,1,0.9120615682
donorparity,NTPROBNP,predictorvalue,2,812,0.75,0.37,0.6878144213,6.8793299E-01,1,0.9120615682
meanweekday,FE,predictorvalue,5,1393,3.08,0.62,0.6881055078,6.8811873E-01,1,0.9120615682
meanstoragetime,FERRITIN,predspline,2,2546,0.74,0.37,0.6919707741,6.9200762E-01,1,0.9120615682
timesincecat,TROP_T,predictorvalue,3,4314,1.46,0.49,0.6925769889,6.9259485E-01,1,0.9120615682
meandonorage,CA_F,predspline,2,20124,0.72,0.36,0.698033393,6.9803788E-01,1,0.9120615682
timesincecat,CO2,predictorvalue,3,1063,1.43,0.48,0.6981304407,6.9819825E-01,1,0.9120615682
meandonorage,APTT,predspline,2,21922,0.72,0.36,0.6982961077,6.9830022E-01,1,0.9120615682
timesincecat,FIB,predictorvalue,3,13549,1.42,0.47,0.7007639345,7.0076908E-01,1,0.9120615682
meanstoragetime,FE,predspline,2,1392,0.71,0.36,0.7008090254,7.0087264E-01,1,0.9120615682
meanweekday,METHB,predictorvalue,5,15385,2.99,0.60,0.7009960121,7.0099591E-01,1,0.9120615682
meanstoragetime,STDBIK,predspline,2,20054,0.71,0.35,0.7016937814,7.0169817E-01,1,0.9120615682
meandonorage,TRI,predspline,2,2530,0.71,0.35,0.7021079298,7.0214264E-01,1,0.9120615682
meanstoragetime,EOSINO,predspline,2,1889,0.69,0.35,0.7073708821,7.0741575E-01,1,0.9165489465
numdoncat,APTT,predictorvalue,4,21936,2.14,0.53,0.7100652961,7.1006655E-01,1,0.9166410751
idbloodgroupcat,EGFR,predictorvalue,1,7546,0.14,0.14,0.7132958757,7.1330618E-01,1,0.9166410751
donorparity,CO2,predictorvalue,2,1063,0.67,0.34,0.7146837214,7.1475956E-01,1,0.9166410751
numdoncat,META,predictorvalue,4,368,2.11,0.53,0.7154038827,7.1546290E-01,1,0.9166410751
meandonorsex,PH,predictorvalue,1,20180,0.13,0.13,0.7172065015,7.1721029E-01,1,0.9166410751
meanstoragetime,CRP,predspline,2,47154,0.66,0.33,0.7188448725,7.1884653E-01,1,0.9166410751
timesincecat,K,predictorvalue,3,46324,1.33,0.44,0.7211363229,7.2113746E-01,1,0.9166410751
idbloodgroupcat,CA,predictorvalue,1,12593,0.13,0.13,0.7220307611,7.2203672E-01,1,0.9166410751
meanstoragetime,FIB,predspline,2,13522,0.65,0.32,0.723955299,7.2396089E-01,1,0.9167745885
numdoncat,ALAT,predictorvalue,4,16743,2.01,0.50,0.7334187556,7.3341890E-01,1,0.9264238695
meanweekday,NA,predictorvalue,5,45846,2.76,0.55,0.7368021132,7.3680101E-01,1,0.9278024457
meandonorsex,ALB,predictorvalue,1,22878,0.11,0.11,0.7381889614,7.3819203E-01,1,0.9278024457
meandonorage,ALB,predspline,2,22877,0.60,0.30,0.7419596709,7.4196256E-01,1,0.9283484292
meandonationtime,FERRITIN,predspline,2,2541,0.59,0.30,0.7438273356,7.4385297E-01,1,0.9283484292
meandonorsex,METHB,predictorvalue,1,15386,0.11,0.11,0.7458949451,7.4589935E-01,1,0.9283484292
meandonorage,BILI,predspline,2,22153,0.58,0.29,0.7466984913,7.4670137E-01,1,0.9283484292
meandonationtime,HB,predspline,2,90266,0.58,0.29,0.7479416647,7.4794236E-01,1,0.9283484292
donorparity,TROP_T,predictorvalue,2,4314,0.58,0.29,0.7496637703,7.4967820E-01,1,0.9283484292
timesincecat,RET,predictorvalue,3,484,1.19,0.40,0.754771191,7.5482825E-01,1,0.9324348965
donorparity,CA_F,predictorvalue,2,20124,0.54,0.27,0.7617641637,7.6176697E-01,1,0.9356352359
donorparity,EOSINO,predictorvalue,2,1893,0.54,0.27,0.7626302517,7.6265983E-01,1,0.9356352359
meandonorsex,GT,predictorvalue,1,7669,0.09,0.09,0.7629800812,7.6298826E-01,1,0.9356352359
meanweekday,BILI,predictorvalue,5,22155,2.57,0.51,0.7661055635,7.6610178E-01,1,0.9371730455
meanweekday,NTPROBNP,predictorvalue,5,809,2.56,0.51,0.7681715175,7.6806571E-01,1,0.9373005321
numdoncat,SR,predictorvalue,4,78,1.79,0.45,0.7735219764,7.7311422E-01,1,0.9383316181
timesincecat,FE,predictorvalue,3,1395,1.10,0.37,0.7762168742,7.7622678E-01,1,0.9383316181
meandonorsex,ERYTRO,predictorvalue,1,36178,0.08,0.08,0.7807198703,7.8072146E-01,1,0.9383316181
idbloodgroupcat,FE,predictorvalue,1,1395,0.08,0.08,0.781286796,7.8132794E-01,1,0.9383316181
meanstoragetime,LYMF,predspline,2,1893,0.49,0.25,0.7817491784,7.8177421E-01,1,0.9383316181
donorparity,PH,predictorvalue,2,20179,0.49,0.25,0.7818360468,7.8183839E-01,1,0.9383316181
meandonorage,FIB,predspline,2,13541,0.49,0.24,0.7829027049,7.8290617E-01,1,0.9383316181
numdoncat,STDBIK,predictorvalue,4,20080,1.72,0.43,0.7876247983,7.8762260E-01,1,0.9383316181
meanweekday,MCHC,predictorvalue,5,23843,2.42,0.48,0.7883387188,7.8833433E-01,1,0.9383316181
idbloodgroupcat,MYELO,predictorvalue,1,350,0.07,0.07,0.7890106942,7.8916831E-01,1,0.9383316181
numdoncat,NTPROBNP,predictorvalue,4,810,1.69,0.42,0.7925744945,7.9251602E-01,1,0.9383316181
meandonationtime,PO2,predspline,2,16340,0.46,0.23,0.7933869011,7.9338950E-01,1,0.9383316181
meanweekday,CA,predictorvalue,5,12603,2.35,0.47,0.7983487487,7.9833982E-01,1,0.9383316181
idbloodgroupcat,ALP,predictorvalue,1,6609,0.06,0.06,0.7988853247,7.9889325E-01,1,0.9383316181
timesincecat,MONO,predictorvalue,3,1903,1.00,0.33,0.8008848749,8.0088498E-01,1,0.9383316181
meanweekday,ALAT,predictorvalue,5,16738,2.33,0.47,0.801174016,8.0116717E-01,1,0.9383316181
meandonorsex,LD,predictorvalue,1,6635,0.06,0.06,0.8049777763,8.0498542E-01,1,0.9383316181
meanweekday,MCV,predictorvalue,5,36408,2.30,0.46,0.8063910295,8.0638778E-01,1,0.9383316181
idbloodgroupcat,FERRITIN,predictorvalue,1,2549,0.06,0.06,0.8070715387,8.0709119E-01,1,0.9383316181
meandonorage,ALAT,predspline,2,16738,0.43,0.21,0.8077455445,8.0774774E-01,1,0.9383316181
meandonorage,ERYTRO,predspline,2,36177,0.43,0.21,0.8080067672,8.0800778E-01,1,0.9383316181
meandonationtime,MCH,predspline,2,36368,0.42,0.21,0.8106744373,8.1067542E-01,1,0.9392653134
meanstoragetime,CA_F,predspline,2,20105,0.40,0.20,0.8201568503,8.2015845E-01,1,0.9444157494
donorparity,BILI,predictorvalue,2,22153,0.39,0.19,0.8232283219,8.2322973E-01,1,0.9444157494
meanstoragetime,CA,predspline,2,12590,0.39,0.19,0.8232577858,8.2326026E-01,1,0.9444157494
meanweekday,OSMO,predictorvalue,5,6409,2.18,0.44,0.8235591766,8.2353913E-01,1,0.9444157494
meanweekday,BE,predictorvalue,5,19949,2.17,0.43,0.8244964066,8.2448994E-01,1,0.9444157494
numdoncat,COHB,predictorvalue,4,14017,1.48,0.37,0.8293014438,8.2929662E-01,1,0.9477675707
numdoncat,ALP,predictorvalue,4,6619,1.46,0.37,0.8331274014,8.3311696E-01,1,0.949838874
donorparity,TRANSF,predictorvalue,2,48,0.36,0.18,0.8343105012,8.3487822E-01,1,0.949838874
meandonorage,EOSINO,predspline,2,1893,0.35,0.18,0.8389201489,8.3893382E-01,1,0.9501358143
meanweekday,CL,predictorvalue,5,20834,2.07,0.41,0.8392253192,8.3921882E-01,1,0.9501358143
timesincecat,NTPROBNP,predictorvalue,3,811,0.83,0.28,0.8418687258,8.4184808E-01,1,0.9501358143
meandonationtime,COHB,predspline,2,13978,0.33,0.17,0.8461444837,8.4614617E-01,1,0.9501358143
meanstoragetime,TRANSF,predspline,2,48,0.33,0.17,0.8458887505,8.4638025E-01,1,0.9501358143
meandonorsex,APTT,predictorvalue,1,21923,0.04,0.04,0.8481242294,8.4812600E-01,1,0.9501358143
donorparity,ERYTRO,predictorvalue,2,36177,0.33,0.16,0.8487097973,8.4871043E-01,1,0.9501358143
idbloodgroupcat,HAPTO,predictorvalue,1,365,0.03,0.03,0.8540979014,8.5420002E-01,1,0.9501358143
meandonorage,FERRITIN,predspline,2,2550,0.31,0.16,0.8545914536,8.5459973E-01,1,0.9501358143
timesincecat,OSMO,predictorvalue,3,6413,0.77,0.26,0.8558912926,8.5588803E-01,1,0.9501358143
timesincecat,LAKTAT,predictorvalue,3,18662,0.76,0.25,0.857989851,8.5798870E-01,1,0.9501358143
timesincecat,PH,predictorvalue,3,20188,0.75,0.25,0.8610307068,8.6102961E-01,1,0.9501358143
meandonationtime,GLUKOS,predspline,2,44003,0.30,0.15,0.8615690835,8.6156952E-01,1,0.9501358143
timesincecat,CL,predictorvalue,3,20843,0.75,0.25,0.8616592046,8.6165813E-01,1,0.9501358143
meandonationtime,MONO,predspline,2,1901,0.29,0.15,0.8634072733,8.6341707E-01,1,0.9501358143
idbloodgroupcat,FIB,predictorvalue,1,13527,0.03,0.03,0.8686698592,8.6867233E-01,1,0.953206722
meanstoragetime,METHB,predspline,2,15378,0.28,0.14,0.8706756044,8.7067669E-01,1,0.953206722
timesincecat,NEUTRO,predictorvalue,3,10780,0.71,0.24,0.8718838139,8.7188155E-01,1,0.953206722
timesincecat,INR,predictorvalue,3,27703,0.70,0.23,0.8741976261,8.7419673E-01,1,0.9536691582
donorparity,TROP_I,predictorvalue,2,576,0.25,0.12,0.8835680854,8.8359158E-01,1,0.9565267678
idbloodgroupcat,SR,predictorvalue,1,81,0.02,0.02,0.8833057909,8.8367050E-01,1,0.9565267678
meandonorage,SR,predspline,2,80,0.25,0.12,0.8842081796,8.8437524E-01,1,0.9565267678
donorparity,NA,predictorvalue,2,45841,0.25,0.12,0.884407395,8.8440769E-01,1,0.9565267678
meandonationtime,SR,predspline,2,80,0.24,0.12,0.8874994909,8.8765721E-01,1,0.9579855094
idbloodgroupcat,HBA1C,predictorvalue,1,178,0.02,0.02,0.8973404325,8.9748610E-01,1,0.9633551488
meandonationtime,PCO2,predspline,2,16248,0.21,0.11,0.9002701846,9.0027080E-01,1,0.9633551488
meanstoragetime,NA,predspline,2,45781,0.21,0.10,0.9012707649,9.0127098E-01,1,0.9633551488
meandonorsex,NEUTRO,predictorvalue,1,10777,0.01,0.01,0.9028061454,9.0280842E-01,1,0.9633551488
meandonorage,LYMF,predspline,2,1897,0.20,0.10,0.9032182982,9.0322323E-01,1,0.9633551488
timesincecat,NA,predictorvalue,3,45862,0.57,0.19,0.9041017671,9.0410116E-01,1,0.9633551488
timesincecat,SR,predictorvalue,3,79,0.51,0.17,0.916073436,9.1572861E-01,1,0.9736861193
donorparity,GT,predictorvalue,2,7668,0.17,0.08,0.9194366481,9.1943749E-01,1,0.9755715726
meanweekday,TRANSF,predictorvalue,5,45,1.37,0.27,0.9279984199,9.2542180E-01,1,0.9757273351
meandonorsex,SR,predictorvalue,1,81,0.01,0.01,0.9264515199,9.2667945E-01,1,0.9757273351
numdoncat,OSMO,predictorvalue,4,6412,0.87,0.22,0.9287102982,9.2869950E-01,1,0.9757273351
meandonationtime,TPK,predspline,2,53357,0.15,0.07,0.9291869903,9.2918708E-01,1,0.9757273351
idbloodgroupcat,EOSINO,predictorvalue,1,1892,0.01,0.01,0.9292547323,9.2926413E-01,1,0.9757273351
meanstoragetime,ALAT,predspline,2,16711,0.13,0.06,0.9385951476,9.3859537E-01,1,0.9816982921
meandonationtime,MCHC,predspline,2,23719,0.12,0.06,0.9401557804,9.4015593E-01,1,0.9816982921
meanstoragetime,MONO,predspline,2,1900,0.12,0.06,0.942479604,9.4248134E-01,1,0.9816982921
idbloodgroupcat,NA,predictorvalue,1,45805,0.00,0.00,0.9440140563,9.4401436E-01,1,0.9816982921
donorparity,METHB,predictorvalue,2,15385,0.11,0.06,0.9453272953,9.4532749E-01,1,0.9816982921
timesincecat,ALB,predictorvalue,3,22888,0.37,0.12,0.9466386631,9.4663764E-01,1,0.9816982921
meandonorsex,CL,predictorvalue,1,20834,0.00,0.00,0.9579376564,9.5793816E-01,1,0.9909302132
donorparity,CRP,predictorvalue,2,47224,0.08,0.04,0.9609995271,9.6099956E-01,1,0.9909302132
meanweekday,GT,predictorvalue,5,7665,1.01,0.20,0.9614489805,9.6143824E-01,1,0.9909302132
timesincecat,META,predictorvalue,3,369,0.28,0.09,0.9641035386,9.6405384E-01,1,0.9915262688
numdoncat,FE,predictorvalue,4,1394,0.56,0.14,0.96773418,9.6770382E-01,1,0.9915262688
idbloodgroupcat,GT,predictorvalue,1,7657,0.00,0.00,0.9679174519,9.6791850E-01,1,0.9915262688
timesincecat,TRANSF,predictorvalue,3,47,0.22,0.07,0.974744707,9.7444650E-01,1,0.9947763387
meandonorsex,CRP,predictorvalue,1,47225,0.00,0.00,0.9756856269,9.7568576E-01,1,0.9947763387
meandonorsex,ALAT,predictorvalue,1,16739,0.00,0.00,0.9803532572,9.8035355E-01,1,0.9947763387
donorparity,APTT,predictorvalue,2,21922,0.04,0.02,0.9809050962,9.8090511E-01,1,0.9947763387
meandonorsex,BILI,predictorvalue,1,22154,0.00,0.00,0.9813571519,9.8135736E-01,1,0.9947763387
timesincecat,LPK,predictorvalue,3,55771,0.15,0.05,0.9848992908,9.8489912E-01,1,0.9947763387
meandonorsex,LPK,predictorvalue,1,55741,0.00,0.00,0.9889056652,9.8890572E-01,1,0.9947763387
meandonationtime,FE,predspline,2,1390,0.02,0.01,0.990916476,9.9091654E-01,1,0.9947763387
meanweekday,LAKTAT,predictorvalue,5,18655,0.52,0.10,0.9914912796,9.9148997E-01,1,0.9947763387
timesincecat,TROP_I,predictorvalue,3,575,0.10,0.03,0.9921654066,9.9215637E-01,1,0.9947763387
donorparity,LPK,predictorvalue,2,55740,0.01,0.01,0.9947476137,9.9474761E-01,1,0.9947763387
meanweekday,TRI,predictorvalue,5,2528,0.42,0.08,0.994782603,9.9477634E-01,1,0.9947763387
