Label,Predictor,Number of observations,Crude p-value,FDR adjusted p-value
HB,idbloodgroupcat,91334,1.5030467E-131,9.2587676E-129
HB,meanstoragetime,91293,1.5625884E-87,4.8127722E-85
HB,meandonorhb,90592,7.3879132E-83,1.5169849E-80
EVF,idbloodgroupcat,52787,1.4141421E-57,2.1777788E-55
EVF,meanstoragetime,52761,1.2075484E-52,1.4876996E-50
HB,donorparity,91409,1.1006680E-47,1.1300191E-45
HB,meandonorsex,91409,6.6430199E-47,5.8458575E-45
ERYTRO,meanstoragetime,36546,9.5420332E-42,7.3473656E-40
MCV,meandonorage,36822,4.2641538E-30,2.9185764E-28
ERYTRO,meandonorhb,36205,2.9197721E-27,1.7985796E-25
MCV,meanstoragetime,36770,1.7913789E-25,1.0031722E-23
EVF,meandonorhb,52282,3.1098182E-23,1.5963733E-21
TPK,idbloodgroupcat,54074,3.4116883E-17,1.6166154E-15
MCH,meandonorage,36913,1.7178669E-16,7.5586145E-15
ERYTRO,idbloodgroupcat,36570,2.4765865E-15,1.0170515E-13
CL,idbloodgroupcat,21052,1.3866182E-14,5.3384801E-13
ERYTRO,meandonorsex,36599,1.5051012E-14,5.4537786E-13
ERYTRO,donorparity,36599,1.4730675E-13,5.0411643E-12
MCV,donorparity,36822,6.1254068E-13,1.9859214E-11
MCHC,meandonorhb,23860,1.8486511E-12,5.6938455E-11
BILI,idbloodgroupcat,22339,8.9973898E-12,2.6392343E-10
EVF,meandonorsex,52826,1.0343796E-11,2.8962628E-10
EVF,donorparity,52826,4.9434258E-11,1.3239784E-09
MCV,meandonorsex,36822,1.3525320E-10,3.4714988E-09
HB,numdoncat,91465,3.5946701E-08,8.8572671E-07
TPK,meanstoragetime,54041,3.7917589E-08,8.9835520E-07
MCH,meandonorhb,36514,2.0373910E-07,4.6482699E-06
MCH,meanstoragetime,36861,2.6232906E-07,5.7712394E-06
CA_F,idbloodgroupcat,20348,3.8217073E-07,8.1178335E-06
MCV,meandonorhb,36426,6.9483194E-07,1.4267216E-05
KREA,idbloodgroupcat,50292,2.4380888E-05,4.8447185E-04
COHB,meanstoragetime,14188,4.3514992E-05,8.2474205E-04
BILI,meanstoragetime,22331,4.4182610E-05,8.2474205E-04
LAKTAT,idbloodgroupcat,18865,1.1092934E-04,2.0097786E-03
APTT,meanstoragetime,22079,1.2602394E-04,2.2180213E-03
HB,meandonorage,91405,1.4795172E-04,2.5316183E-03
MCHC,meandonorsex,23932,1.9320426E-04,3.2165899E-03
MCV,foreigndonor,36842,2.0414792E-04,3.3093452E-03
PCO2,idbloodgroupcat,16453,2.1502737E-04,3.3963297E-03
HB,timesincecat,91465,2.2240999E-04,3.4251138E-03
MCH,foreigndonor,36933,4.4571348E-04,6.6965733E-03
TPK,meandonorhb,53560,4.7537607E-04,6.9721824E-03
MCHC,donorparity,23932,7.0263979E-04,1.0065723E-02
BILI,meandonorhb,22171,8.4784630E-04,1.1869848E-02
ERYTRO,timesincecat,36619,9.0907357E-04,1.2444207E-02
TRI,idbloodgroupcat,2552,9.9305810E-04,1.3298343E-02
COHB,idbloodgroupcat,14188,1.2264554E-03,1.6074394E-02
SR,meanstoragetime,91,1.6691181E-03,2.1420349E-02
ERYTRO,numdoncat,36619,2.7953804E-03,3.5141925E-02
CA,foreigndonor,12745,3.1447185E-03,3.7983266E-02
KREA,meanstoragetime,50255,3.0843496E-03,3.7983266E-02
BILI_K,numdoncat,4829,3.6527184E-03,4.2282689E-02
PCO2,meanweekday,16464,3.7745686E-03,4.2282689E-02
CL,meandonorhb,20853,3.7752401E-03,4.2282689E-02
CL,meanstoragetime,21048,3.6331431E-03,4.2282689E-02
ALB,meanstoragetime,23058,4.1342716E-03,4.5476988E-02
MYELO,meandonorsex,362,4.7686893E-03,5.1535309E-02
EVF,numdoncat,52852,5.0088294E-03,5.3197223E-02
TPK,meanweekday,54129,6.7925529E-03,7.0918858E-02
CL,donorparity,21067,6.9424634E-03,7.1275957E-02
LPK,meanstoragetime,56244,7.5209239E-03,7.5168479E-02
BILI,meandonorsex,22360,7.5656586E-03,7.5168479E-02
BILI_K,idbloodgroupcat,4825,8.8392324E-03,8.6428050E-02
PCO2,donorparity,16463,8.9863610E-03,8.6493725E-02
LD,timesincecat,6699,9.2590854E-03,8.7747640E-02
GT,timesincecat,7743,9.6712450E-03,9.0264953E-02
CA,meandonorsex,12740,9.9116001E-03,9.1127547E-02
MCHC,numdoncat,23945,1.0376744E-02,9.4001095E-02
PH,foreigndonor,20421,1.1498370E-02,1.0134828E-01
PO2,idbloodgroupcat,16545,1.1781895E-02,1.0134828E-01
MCHC,idbloodgroupcat,23906,1.1644818E-02,1.0134828E-01
K,donorparity,46808,1.1863777E-02,1.0134828E-01
MCV,timesincecat,36842,1.2010429E-02,1.0134828E-01
MCHC,timesincecat,23945,1.3305083E-02,1.0927908E-01
APTT,idbloodgroupcat,22091,1.3138862E-02,1.0927908E-01
RET,meandonorhb,494,1.3573990E-02,1.1002076E-01
MYELO,donorparity,362,1.7263582E-02,1.3810865E-01
HBA1C,meandonorhb,186,1.7621903E-02,1.3916785E-01
EVF,timesincecat,52852,1.9144642E-02,1.4604711E-01
HAPTO,foreigndonor,377,1.9204246E-02,1.4604711E-01
CL,foreigndonor,21078,1.9182683E-02,1.4604711E-01
K,meanstoragetime,46747,2.0139279E-02,1.4946742E-01
CL,meandonorsex,21067,2.0132785E-02,1.4946742E-01
BILI,donorparity,22360,2.1153978E-02,1.5512917E-01
STDBIK,idbloodgroupcat,20284,2.1689448E-02,1.5718471E-01
LPK,idbloodgroupcat,56290,2.3446245E-02,1.6684450E-01
FE,meandonorhb,1405,2.3564077E-02,1.6684450E-01
TPK,numdoncat,54143,2.4372274E-02,1.7060592E-01
BILI_K,meandonorage,4829,2.4821615E-02,1.7179904E-01
MCV,numdoncat,36842,2.6566097E-02,1.8183018E-01
CA,numdoncat,12745,2.7159160E-02,1.8347543E-01
LPK,meandonationtime,56153,2.7402174E-02,1.8347543E-01
BILI_K,meandonationtime,4811,2.7805268E-02,1.8417253E-01
TROP_T,meanstoragetime,4355,2.9486595E-02,1.9323131E-01
SR,meandonorhb,89,3.2525799E-02,2.0870721E-01
K,meandonorage,46807,3.2341486E-02,2.0870721E-01
CA,donorparity,12740,3.5521973E-02,2.2558284E-01
PH,idbloodgroupcat,20397,3.8505903E-02,2.4203711E-01
K,idbloodgroupcat,46771,4.2542114E-02,2.6205942E-01
PCO2,meanstoragetime,16446,4.2483797E-02,2.6205942E-01
INR,meanweekday,27928,4.3118334E-02,2.6238969E-01
PCO2,meandonorage,16463,4.3447644E-02,2.6238969E-01
INR,meandonationtime,27816,4.4186269E-02,2.6425963E-01
TROP_I,meanstoragetime,584,4.5288061E-02,2.6824467E-01
K,numdoncat,46831,4.5777453E-02,2.6856106E-01
NEUTRO,meanweekday,10910,4.6549393E-02,2.7051345E-01
LAKTAT,foreigndonor,18887,4.9066980E-02,2.7986352E-01
MCH,donorparity,36913,4.8709453E-02,2.7986352E-01
APTT,meandonorhb,21947,4.9775752E-02,2.8130150E-01
STDBIK,meandonorsex,20298,5.1324718E-02,2.8482907E-01
LPK,numdoncat,56365,5.1108458E-02,2.8482907E-01
BILI_K,meanweekday,4827,5.3086908E-02,2.8939412E-01
PCO2,meandonorsex,16463,5.2973678E-02,2.8939412E-01
MCH,numdoncat,36933,5.5196498E-02,2.9825476E-01
GLUKOS,meandonorage,44589,5.8188715E-02,3.1168912E-01
COHB,meandonorhb,14028,5.9641261E-02,3.1671566E-01
METHB,timesincecat,15603,6.0925386E-02,3.2076956E-01
META,idbloodgroupcat,383,6.2199984E-02,3.2470500E-01
MCH,timesincecat,36933,6.3628742E-02,3.2744197E-01
NA,meandonationtime,46210,6.5185826E-02,3.2744197E-01
LPK,foreigndonor,56365,6.4237856E-02,3.2744197E-01
HB,meanweekday,91439,6.5382083E-02,3.2744197E-01
CO2,idbloodgroupcat,1075,6.4660524E-02,3.2744197E-01
INR,meandonorsex,27916,6.6893957E-02,3.3231192E-01
EGFR,meanweekday,7821,6.9976099E-02,3.4484222E-01
OSMO,donorparity,6503,7.0814289E-02,3.4620319E-01
K,meandonationtime,46688,7.6081540E-02,3.6902542E-01
MCHC,meanstoragetime,23899,8.0295149E-02,3.8293298E-01
BE,meandonationtime,20137,8.0052817E-02,3.8293298E-01
TRI,meandonorsex,2557,8.0813778E-02,3.8293298E-01
CO2,meandonorhb,1073,8.2022819E-02,3.8569509E-01
ALAT,meandonorhb,16754,8.8783761E-02,4.1432422E-01
CA,meandonorhb,12621,9.1143984E-02,4.2214056E-01
EGFR,meanstoragetime,7806,9.3751141E-02,4.3097540E-01
STDBIK,donorparity,20298,9.8487227E-02,4.4697027E-01
OSMO,meanstoragetime,6500,9.8681749E-02,4.4697027E-01
TRI,donorparity,2557,9.9579908E-02,4.4774616E-01
EGFR,meandonorhb,7560,1.0084165E-01,4.5013373E-01
GT,meanstoragetime,7727,1.0613658E-01,4.6721551E-01
PCO2,meandonorhb,16298,1.0618534E-01,4.6721551E-01
TRI,numdoncat,2558,1.0708512E-01,4.6783288E-01
MONO,meandonorsex,1934,1.1352091E-01,4.9245689E-01
SR,meandonorsex,91,1.1689292E-01,5.0353871E-01
CO2,meanstoragetime,1077,1.1916171E-01,5.0394918E-01
EVF,meandonorage,52825,1.2395722E-01,5.0394918E-01
BILI,meandonationtime,22286,1.2094579E-01,5.0394918E-01
LPK,meandonorhb,55779,1.2270529E-01,5.0394918E-01
CA_F,timesincecat,20372,1.2290587E-01,5.0394918E-01
ALAT,donorparity,16884,1.2059050E-01,5.0394918E-01
BASOF,idbloodgroupcat,1938,1.2123454E-01,5.0394918E-01
SR,donorparity,91,1.1918402E-01,5.0394918E-01
BILI_K,meandonorhb,4793,1.2435110E-01,5.0394918E-01
ALAT,meandonationtime,16815,1.4117904E-01,5.1996062E-01
GLUKOS,meanstoragetime,44523,1.3498600E-01,5.1996062E-01
HBA1C,meandonationtime,187,1.3292062E-01,5.1996062E-01
MYELO,meanweekday,362,1.3882922E-01,5.1996062E-01
ALAT,meandonorsex,16884,1.3323968E-01,5.1996062E-01
LD,foreigndonor,6699,1.4180744E-01,5.1996062E-01
OSMO,meandonorage,6503,1.3365526E-01,5.1996062E-01
APTT,meandonorsex,22109,1.3524818E-01,5.1996062E-01
METHB,meandonorhb,15401,1.3667138E-01,5.1996062E-01
FIB,meandonationtime,13619,1.3756238E-01,5.1996062E-01
LD,meandonorhb,6644,1.4065592E-01,5.1996062E-01
ASAT,meandonorhb,15158,1.3787363E-01,5.1996062E-01
APTT,timesincecat,22125,1.3377101E-01,5.1996062E-01
MCH,meanweekday,36926,1.3493873E-01,5.1996062E-01
BE,foreigndonor,20184,1.3439565E-01,5.1996062E-01
LAKTAT,donorparity,18877,1.4162743E-01,5.1996062E-01
FIB,numdoncat,13676,1.4309771E-01,5.2158693E-01
K,meandonorsex,46808,1.4680658E-01,5.3195796E-01
NEUTRO,idbloodgroupcat,10902,1.4790993E-01,5.3282174E-01
NEUTRO,meanstoragetime,10893,1.5025813E-01,5.3724678E-01
TRI,timesincecat,2558,1.5088262E-01,5.3724678E-01
CL,meandonorage,21066,1.5715782E-01,5.5022657E-01
EVF,meandonationtime,52665,1.5720759E-01,5.5022657E-01
FERRITIN,meanweekday,2571,1.5601670E-01,5.5022657E-01
CL,numdoncat,21078,1.5913180E-01,5.5381462E-01
COHB,donorparity,14196,1.6109295E-01,5.5749020E-01
ALB,foreigndonor,23099,1.6432781E-01,5.6332633E-01
TROP_T,idbloodgroupcat,4358,1.6460834E-01,5.6332633E-01
NEUTRO,meandonationtime,10883,1.6672714E-01,5.6430726E-01
STDBIK,meandonationtime,20261,1.6620101E-01,5.6430726E-01
LYMF,meandonationtime,1924,1.6857910E-01,5.6745751E-01
KREA,numdoncat,50361,1.7563326E-01,5.8477551E-01
ASAT,meandonorage,15283,1.7574411E-01,5.8477551E-01
LAKTAT,meandonorage,18876,1.7657183E-01,5.8477551E-01
ASAT,foreigndonor,15290,1.8351002E-01,5.8698119E-01
BASOF,meanweekday,1940,1.8131142E-01,5.8698119E-01
CRP,foreigndonor,47689,1.7823661E-01,5.8698119E-01
ALP,donorparity,6679,1.8390807E-01,5.8698119E-01
MYELO,meandonorhb,358,1.8367276E-01,5.8698119E-01
META,meandonorhb,379,1.8058381E-01,5.8698119E-01
CA_F,numdoncat,20372,1.8314159E-01,5.8698119E-01
INR,donorparity,27916,1.8639691E-01,5.8791068E-01
RET,meandonationtime,503,1.8586826E-01,5.8791068E-01
EGFR,meandonationtime,7819,1.8706249E-01,5.8791068E-01
COHB,meandonorage,14195,1.8954973E-01,5.9270373E-01
OSMO,meandonationtime,6488,1.9109343E-01,5.9451290E-01
RET,meandonorage,504,2.0740183E-01,6.0550117E-01
INR,idbloodgroupcat,27895,2.0269427E-01,6.0550117E-01
FERRITIN,donorparity,2570,2.0740381E-01,6.0550117E-01
KREA,meandonorsex,50338,2.0652219E-01,6.0550117E-01
ERYTRO,meanweekday,36612,2.0622251E-01,6.0550117E-01
PH,meanstoragetime,20393,2.0003373E-01,6.0550117E-01
EOSINO,timesincecat,1923,2.0544946E-01,6.0550117E-01
RET,meanweekday,504,2.0358937E-01,6.0550117E-01
BILI,timesincecat,22370,2.0517000E-01,6.0550117E-01
BASOF,meandonationtime,1937,2.0397059E-01,6.0550117E-01
NTPROBNP,meandonorhb,821,1.9894460E-01,6.0550117E-01
ERYTRO,foreigndonor,36619,2.0416664E-01,6.0550117E-01
TPK,donorparity,54113,2.0409960E-01,6.0550117E-01
LYMF,donorparity,1927,2.0848313E-01,6.0578116E-01
BILI_K,meanstoragetime,4821,2.1174726E-01,6.1159365E-01
LD,numdoncat,6699,2.1246922E-01,6.1159365E-01
HAPTO,meandonationtime,376,2.1881941E-01,6.2694305E-01
ASAT,meanweekday,15286,2.2195483E-01,6.2799325E-01
MYELO,meandonationtime,361,2.2224436E-01,6.2799325E-01
EGFR,meandonorsex,7819,2.2117456E-01,6.2799325E-01
METHB,foreigndonor,15603,2.2526913E-01,6.3363372E-01
LPK,meanweekday,56352,2.2966066E-01,6.3496979E-01
ASAT,meandonorsex,15283,2.2891738E-01,6.3496979E-01
NEUTRO,numdoncat,10915,2.2986731E-01,6.3496979E-01
PO2,meanstoragetime,16543,2.2891626E-01,6.3496979E-01
LAKTAT,meandonorsex,18877,2.3207741E-01,6.3537638E-01
MONO,donorparity,1934,2.3161273E-01,6.3537638E-01
MCV,meandonationtime,36705,2.3637862E-01,6.4428864E-01
ALAT,idbloodgroupcat,16863,2.3890060E-01,6.4829415E-01
ASAT,donorparity,15283,2.4037864E-01,6.4944404E-01
ALP,meanstoragetime,6670,2.4296187E-01,6.5355683E-01
INR,meandonorhb,27713,2.4640075E-01,6.5992548E-01
LYMF,timesincecat,1927,2.4996499E-01,6.6657332E-01
KREA,timesincecat,50361,2.5435901E-01,6.6674531E-01
TRANSF,idbloodgroupcat,58,2.5408711E-01,6.6674531E-01
FIB,meandonorhb,13559,2.5160579E-01,6.6674531E-01
GLUKOS,meanweekday,44597,2.5420014E-01,6.6674531E-01
CO2,meandonorage,1078,2.6185790E-01,6.6951333E-01
EOSINO,meandonationtime,1920,2.6615071E-01,6.6951333E-01
ALP,meandonorage,6679,2.7230803E-01,6.6951333E-01
ALP,meanweekday,6678,2.6677442E-01,6.6951333E-01
TRI,foreigndonor,2558,2.6387772E-01,6.6951333E-01
TRANSF,foreigndonor,58,2.7096686E-01,6.6951333E-01
STDBIK,foreigndonor,20307,2.6241036E-01,6.6951333E-01
GLUKOS,timesincecat,44613,2.7120146E-01,6.6951333E-01
META,meandonationtime,382,2.6903704E-01,6.6951333E-01
BE,meanstoragetime,20156,2.6305570E-01,6.6951333E-01
GT,meandonationtime,7712,2.6837318E-01,6.6951333E-01
INR,foreigndonor,27937,2.7389182E-01,6.6951333E-01
FE,foreigndonor,1412,2.7069336E-01,6.6951333E-01
MCV,idbloodgroupcat,36791,2.6056373E-01,6.6951333E-01
MONO,meandonorage,1934,2.6838531E-01,6.6951333E-01
HAPTO,timesincecat,377,2.7185650E-01,6.6951333E-01
NA,numdoncat,46357,2.7368329E-01,6.6951333E-01
PO2,timesincecat,16565,2.7687231E-01,6.7111287E-01
BILI_K,timesincecat,4829,2.7781458E-01,6.7111287E-01
EGFR,donorparity,7819,2.7693538E-01,6.7111287E-01
MONO,meanweekday,1934,2.8448178E-01,6.7433867E-01
ALP,foreigndonor,6681,2.8462347E-01,6.7433867E-01
TROP_I,meandonationtime,583,2.8231588E-01,6.7433867E-01
INR,numdoncat,27937,2.8262344E-01,6.7433867E-01
BILI,numdoncat,22370,2.8236552E-01,6.7433867E-01
ALB,idbloodgroupcat,23060,2.8787856E-01,6.7517709E-01
PH,meandonationtime,20374,2.8794819E-01,6.7517709E-01
CO2,meandonorsex,1078,2.8826554E-01,6.7517709E-01
PH,meandonorage,20410,2.9177739E-01,6.7824480E-01
ALP,timesincecat,6681,2.9070925E-01,6.7824480E-01
BASOF,meandonorage,1940,2.9778166E-01,6.8662402E-01
ALAT,foreigndonor,16891,2.9984069E-01,6.8662402E-01
LYMF,idbloodgroupcat,1925,2.9924419E-01,6.8662402E-01
EGFR,timesincecat,7823,2.9671022E-01,6.8662402E-01
HBA1C,meandonorage,187,3.0518253E-01,6.9051328E-01
BASOF,foreigndonor,1940,3.0771181E-01,6.9051328E-01
EOSINO,meanweekday,1923,3.1826047E-01,6.9051328E-01
BE,meandonorage,20173,3.1527360E-01,6.9051328E-01
APTT,meanweekday,22119,3.1288667E-01,6.9051328E-01
STDBIK,meanweekday,20302,3.1378029E-01,6.9051328E-01
ASAT,meanstoragetime,15259,3.0420325E-01,6.9051328E-01
CRP,meandonationtime,47505,3.0436714E-01,6.9051328E-01
KREA,foreigndonor,50361,3.0845486E-01,6.9051328E-01
APTT,meandonationtime,22034,3.1741485E-01,6.9051328E-01
PH,numdoncat,20421,3.1877153E-01,6.9051328E-01
PO2,meandonorhb,16391,3.1048749E-01,6.9051328E-01
LYMF,meandonorhb,1906,3.1796739E-01,6.9051328E-01
BASOF,numdoncat,1940,3.1613036E-01,6.9051328E-01
PH,meandonorsex,20411,3.1646375E-01,6.9051328E-01
STDBIK,meandonorage,20297,3.1947449E-01,6.9051328E-01
MCH,idbloodgroupcat,36882,3.2425883E-01,6.9153581E-01
OSMO,meandonorsex,6503,3.2441002E-01,6.9153581E-01
GT,foreigndonor,7743,3.2247969E-01,6.9153581E-01
CO2,numdoncat,1079,3.2443807E-01,6.9153581E-01
RET,foreigndonor,504,3.2860121E-01,6.9321351E-01
METHB,meandonationtime,15561,3.2850719E-01,6.9321351E-01
APTT,donorparity,22109,3.2709978E-01,6.9321351E-01
PH,meanweekday,20416,3.3437188E-01,6.9767680E-01
META,meanstoragetime,382,3.3302087E-01,6.9767680E-01
TPK,meandonorsex,54113,3.3626954E-01,6.9767680E-01
CRP,meandonorage,47663,3.3432872E-01,6.9767680E-01
EGFR,numdoncat,7823,3.3637989E-01,6.9767680E-01
LPK,meandonorsex,56333,3.3792015E-01,6.9851951E-01
MYELO,numdoncat,362,3.4298954E-01,7.0662728E-01
BE,idbloodgroupcat,20160,3.4882861E-01,7.1388181E-01
STDBIK,meandonorhb,20091,3.4817477E-01,7.1388181E-01
HAPTO,donorparity,377,3.5105423E-01,7.1605763E-01
CA,meandonorage,12740,3.5831383E-01,7.2546867E-01
PO2,meandonorsex,16557,3.5920121E-01,7.2546867E-01
ALB,meandonationtime,22994,3.5792013E-01,7.2546867E-01
ALB,numdoncat,23099,3.6697593E-01,7.2804835E-01
TRANSF,meandonationtime,58,3.6333881E-01,7.2804835E-01
NTPROBNP,meanstoragetime,824,3.6756987E-01,7.2804835E-01
HB,meandonationtime,91145,3.6720666E-01,7.2804835E-01
CRP,timesincecat,47689,3.6420290E-01,7.2804835E-01
LYMF,numdoncat,1927,3.6252779E-01,7.2804835E-01
HAPTO,meandonorage,377,3.7472752E-01,7.3984665E-01
PO2,meanweekday,16560,3.7768235E-01,7.4093098E-01
NTPROBNP,meandonationtime,821,3.7685858E-01,7.4093098E-01
CO2,meanweekday,1079,3.8462307E-01,7.4515609E-01
NEUTRO,meandonorage,10910,3.8555533E-01,7.4515609E-01
PO2,donorparity,16557,3.8588440E-01,7.4515609E-01
CA_F,meandonationtime,20325,3.8271417E-01,7.4515609E-01
COHB,foreigndonor,14202,3.8230998E-01,7.4515609E-01
INR,meandonorage,27916,3.9395868E-01,7.4540558E-01
TRI,meandonationtime,2549,3.9044187E-01,7.4540558E-01
HAPTO,meanstoragetime,375,3.9196229E-01,7.4540558E-01
MYELO,foreigndonor,362,3.9221035E-01,7.4540558E-01
HAPTO,meandonorsex,377,3.9333310E-01,7.4540558E-01
ASAT,meandonationtime,15222,3.9448412E-01,7.4540558E-01
BASOF,timesincecat,1940,3.9163950E-01,7.4540558E-01
CRP,idbloodgroupcat,47627,3.9902244E-01,7.5167531E-01
TRANSF,meandonorage,58,4.0078276E-01,7.5268957E-01
LYMF,meandonorsex,1927,4.0801918E-01,7.6395080E-01
LD,meandonationtime,6673,4.1334800E-01,7.6693484E-01
PO2,numdoncat,16565,4.1127733E-01,7.6693484E-01
TPK,meandonorage,54113,4.1261793E-01,7.6693484E-01
COHB,timesincecat,14202,4.1639287E-01,7.7026429E-01
KREA,donorparity,50338,4.1888012E-01,7.7120860E-01
LAKTAT,meanstoragetime,18862,4.1940728E-01,7.7120860E-01
FERRITIN,meandonorhb,2560,4.2266324E-01,7.7488261E-01
SR,meanweekday,91,4.2449232E-01,7.7592661E-01
CRP,meanweekday,47676,4.2757085E-01,7.7694290E-01
LYMF,foreigndonor,1927,4.2743079E-01,7.7694290E-01
MCH,meandonorsex,36913,4.3250047E-01,7.8212100E-01
EVF,foreigndonor,52852,4.3295984E-01,7.8212100E-01
BASOF,donorparity,1940,4.3853487E-01,7.8987568E-01
STDBIK,timesincecat,20307,4.4005936E-01,7.9031068E-01
BE,timesincecat,20184,4.4548986E-01,7.9103608E-01
MCH,meandonationtime,36795,4.4642131E-01,7.9103608E-01
GLUKOS,donorparity,44590,4.4816817E-01,7.9103608E-01
CA,meandonationtime,12695,4.4707427E-01,7.9103608E-01
RET,numdoncat,504,4.4815600E-01,7.9103608E-01
MONO,numdoncat,1934,4.4236860E-01,7.9103608E-01
BE,numdoncat,20184,4.5915734E-01,8.0051223E-01
METHB,meandonorsex,15596,4.5984010E-01,8.0051223E-01
CO2,meandonationtime,1077,4.6133416E-01,8.0051223E-01
META,donorparity,383,4.5878502E-01,8.0051223E-01
COHB,meandonorsex,14196,4.6118732E-01,8.0051223E-01
FERRITIN,timesincecat,2571,4.5930754E-01,8.0051223E-01
FE,meandonorage,1411,4.7240699E-01,8.0610168E-01
EVF,meanweekday,52841,4.6750307E-01,8.0610168E-01
TPK,timesincecat,54143,4.7165258E-01,8.0610168E-01
PH,meandonorhb,20198,4.7153432E-01,8.0610168E-01
GT,meandonorhb,7680,4.7156300E-01,8.0610168E-01
CO2,foreigndonor,1079,4.6709725E-01,8.0610168E-01
CA_F,meanweekday,20367,4.7892552E-01,8.1496718E-01
PCO2,timesincecat,16469,4.8027978E-01,8.1502023E-01
HBA1C,meanweekday,187,4.8236907E-01,8.1631690E-01
ASAT,numdoncat,15290,5.0457415E-01,8.1789958E-01
LYMF,meanweekday,1927,5.0585688E-01,8.1789958E-01
EGFR,meandonorage,7819,4.8824629E-01,8.1789958E-01
ASAT,idbloodgroupcat,15264,5.0183020E-01,8.1789958E-01
TROP_T,meandonationtime,4345,5.0509786E-01,8.1789958E-01
MYELO,meanstoragetime,361,4.8612258E-01,8.1789958E-01
LD,meanstoragetime,6683,4.9230387E-01,8.1789958E-01
META,meandonorage,383,5.0009673E-01,8.1789958E-01
TRANSF,meandonorsex,58,4.8493322E-01,8.1789958E-01
MONO,foreigndonor,1934,5.0587620E-01,8.1789958E-01
PH,donorparity,20411,4.9785765E-01,8.1789958E-01
BE,meandonorsex,20174,4.9101930E-01,8.1789958E-01
OSMO,meandonorhb,6423,5.0460707E-01,8.1789958E-01
LD,idbloodgroupcat,6684,4.9350362E-01,8.1789958E-01
CA,timesincecat,12745,4.9599598E-01,8.1789958E-01
PO2,meandonorage,16557,4.9027035E-01,8.1789958E-01
MCHC,meandonorage,23932,4.9664474E-01,8.1789958E-01
NEUTRO,donorparity,10910,5.1157791E-01,8.2495286E-01
CRP,meandonorhb,47257,5.1532096E-01,8.2846814E-01
TROP_I,meandonorage,585,5.1644767E-01,8.2846814E-01
KREA,meanweekday,50348,5.2976990E-01,8.3263589E-01
TROP_I,foreigndonor,585,5.5004770E-01,8.3263589E-01
CO2,donorparity,1078,5.5023018E-01,8.3263589E-01
PO2,foreigndonor,16565,5.3325487E-01,8.3263589E-01
NTPROBNP,foreigndonor,826,5.4406658E-01,8.3263589E-01
HAPTO,meandonorhb,374,5.4112614E-01,8.3263589E-01
LAKTAT,meandonationtime,18844,5.3275279E-01,8.3263589E-01
ERYTRO,meandonationtime,36483,5.2193355E-01,8.3263589E-01
MCHC,foreigndonor,23945,5.4919698E-01,8.3263589E-01
GT,meandonorsex,7740,5.4416582E-01,8.3263589E-01
CA_F,meandonorhb,20143,5.5148611E-01,8.3263589E-01
GLUKOS,meandonorsex,44590,5.3925545E-01,8.3263589E-01
HB,foreigndonor,91465,5.2409520E-01,8.3263589E-01
RET,idbloodgroupcat,504,5.4085110E-01,8.3263589E-01
NTPROBNP,idbloodgroupcat,825,5.4994657E-01,8.3263589E-01
FERRITIN,foreigndonor,2571,5.3027929E-01,8.3263589E-01
ALAT,timesincecat,16891,5.3891451E-01,8.3263589E-01
SR,meandonorage,91,5.4009242E-01,8.3263589E-01
NTPROBNP,meandonorage,826,5.2944713E-01,8.3263589E-01
LAKTAT,numdoncat,18887,5.2195579E-01,8.3263589E-01
EOSINO,numdoncat,1923,5.4968871E-01,8.3263589E-01
ALB,donorparity,23087,5.3141557E-01,8.3263589E-01
LPK,meandonorage,56333,5.4345944E-01,8.3263589E-01
LD,meandonorage,6698,5.2637844E-01,8.3263589E-01
ALP,meandonorhb,6630,5.5381098E-01,8.3410162E-01
GT,meandonorage,7740,5.5601336E-01,8.3468132E-01
FERRITIN,numdoncat,2571,5.5690588E-01,8.3468132E-01
TROP_T,meandonorsex,4360,5.6183365E-01,8.4002313E-01
K,meanweekday,46816,5.6673311E-01,8.4529685E-01
KREA,meandonorage,50338,5.7155597E-01,8.4634249E-01
BE,donorparity,20174,5.6940418E-01,8.4634249E-01
HBA1C,meanstoragetime,186,5.7033494E-01,8.4634249E-01
MONO,idbloodgroupcat,1932,5.7705585E-01,8.5243742E-01
META,numdoncat,383,5.7847958E-01,8.5249623E-01
ALAT,numdoncat,16891,6.0157330E-01,8.6132505E-01
HAPTO,meanweekday,377,6.1942695E-01,8.6132505E-01
APTT,meandonorage,22109,6.0097220E-01,8.6132505E-01
ALB,meanweekday,23091,6.1245709E-01,8.6132505E-01
PCO2,foreigndonor,16469,6.0834535E-01,8.6132505E-01
KREA,meandonationtime,50172,5.9954081E-01,8.6132505E-01
NA,meandonorsex,46335,5.9791825E-01,8.6132505E-01
META,foreigndonor,383,6.0973378E-01,8.6132505E-01
K,foreigndonor,46831,6.1236151E-01,8.6132505E-01
BASOF,meandonorsex,1940,6.1509588E-01,8.6132505E-01
ALP,meandonorsex,6679,6.1812652E-01,8.6132505E-01
MONO,meandonorhb,1913,5.9423594E-01,8.6132505E-01
ASAT,timesincecat,15290,5.9981369E-01,8.6132505E-01
TROP_T,meandonorage,4360,6.1876959E-01,8.6132505E-01
TROP_T,numdoncat,4361,5.9950170E-01,8.6132505E-01
SR,numdoncat,91,6.1559217E-01,8.6132505E-01
PCO2,numdoncat,16469,5.9138569E-01,8.6132505E-01
LPK,donorparity,56333,6.1292425E-01,8.6132505E-01
GLUKOS,idbloodgroupcat,44558,6.0408492E-01,8.6132505E-01
CA_F,foreigndonor,20372,6.1689686E-01,8.6132505E-01
MYELO,meandonorage,362,6.0553991E-01,8.6132505E-01
GT,numdoncat,7743,5.8804698E-01,8.6132505E-01
METHB,meandonorage,15595,5.9003553E-01,8.6132505E-01
CRP,numdoncat,47689,5.8962693E-01,8.6132505E-01
LD,donorparity,6698,6.0195278E-01,8.6132505E-01
CL,meandonationtime,21024,6.2126520E-01,8.6193550E-01
TRANSF,numdoncat,58,6.2511677E-01,8.6533017E-01
LD,meanweekday,6695,6.2672620E-01,8.6561287E-01
NEUTRO,foreigndonor,10915,6.3418929E-01,8.7396108E-01
TROP_T,meanweekday,4359,6.3631768E-01,8.7493681E-01
METHB,numdoncat,15603,6.3868667E-01,8.7623829E-01
OSMO,idbloodgroupcat,6499,6.4334035E-01,8.8066145E-01
GLUKOS,numdoncat,44613,6.4486635E-01,8.8079306E-01
TROP_I,meanweekday,585,6.5086666E-01,8.8137296E-01
FERRITIN,meanstoragetime,2566,6.4739293E-01,8.8137296E-01
TRI,meandonorhb,2540,6.4969698E-01,8.8137296E-01
NA,meandonorhb,45871,6.5101412E-01,8.8137296E-01
META,meanweekday,383,6.5534717E-01,8.8232274E-01
TROP_I,numdoncat,585,6.5328216E-01,8.8232274E-01
NA,meandonorage,46334,6.5601269E-01,8.8232274E-01
APTT,numdoncat,22125,6.6938463E-01,8.8389708E-01
COHB,meanweekday,14200,6.7776039E-01,8.8389708E-01
HBA1C,donorparity,187,6.6356240E-01,8.8389708E-01
RET,meanstoragetime,504,6.7074640E-01,8.8389708E-01
SR,meandonationtime,91,6.7028623E-01,8.8389708E-01
FIB,meanstoragetime,13648,6.7669628E-01,8.8389708E-01
CRP,meanstoragetime,47591,6.7870668E-01,8.8389708E-01
EOSINO,meandonorsex,1923,6.6522864E-01,8.8389708E-01
FE,donorparity,1411,6.7228020E-01,8.8389708E-01
SR,idbloodgroupcat,91,6.7803101E-01,8.8389708E-01
GLUKOS,foreigndonor,44613,6.6335601E-01,8.8389708E-01
TROP_T,timesincecat,4361,6.6899155E-01,8.8389708E-01
METHB,idbloodgroupcat,15588,6.6275461E-01,8.8389708E-01
EOSINO,donorparity,1923,6.6886752E-01,8.8389708E-01
EGFR,idbloodgroupcat,7817,6.7853505E-01,8.8389708E-01
OSMO,meanweekday,6501,6.8603403E-01,8.8723678E-01
MCV,meanweekday,36835,6.8487446E-01,8.8723678E-01
BILI,meandonorage,22360,6.8718662E-01,8.8723678E-01
FIB,donorparity,13667,6.8892930E-01,8.8723678E-01
FIB,meandonorsex,13667,6.8991301E-01,8.8723678E-01
ALP,meandonationtime,6649,6.8898437E-01,8.8723678E-01
TRI,meanstoragetime,2553,6.9541088E-01,8.9223773E-01
STDBIK,meanstoragetime,20279,7.0516029E-01,8.9223773E-01
INR,meanstoragetime,27887,7.0331221E-01,8.9223773E-01
BASOF,meanstoragetime,1936,6.9855196E-01,8.9223773E-01
FE,meandonorsex,1411,7.0433459E-01,8.9223773E-01
LAKTAT,meandonorhb,18672,7.0538924E-01,8.9223773E-01
NTPROBNP,numdoncat,826,7.0251667E-01,8.9223773E-01
FE,idbloodgroupcat,1410,7.0041369E-01,8.9223773E-01
CA,idbloodgroupcat,12725,7.4104014E-01,8.9599372E-01
FIB,meanweekday,13671,7.2453876E-01,8.9599372E-01
FE,meanweekday,1412,7.2924601E-01,8.9599372E-01
CL,meanweekday,21071,7.4644126E-01,8.9599372E-01
TROP_T,donorparity,4360,7.5591865E-01,8.9599372E-01
BE,meanweekday,20179,7.2144896E-01,8.9599372E-01
TROP_T,foreigndonor,4361,7.3513801E-01,8.9599372E-01
TRANSF,meanstoragetime,58,7.3523175E-01,8.9599372E-01
TPK,meandonationtime,53947,7.3509809E-01,8.9599372E-01
PO2,meandonationtime,16523,7.5184240E-01,8.9599372E-01
FE,meanstoragetime,1408,7.5781287E-01,8.9599372E-01
MCHC,meandonationtime,23812,7.2341032E-01,8.9599372E-01
EOSINO,meanstoragetime,1919,7.3296761E-01,8.9599372E-01
OSMO,foreigndonor,6503,7.3756697E-01,8.9599372E-01
RET,donorparity,504,7.5694621E-01,8.9599372E-01
RET,meandonorsex,504,7.3514116E-01,8.9599372E-01
GLUKOS,meandonationtime,44486,7.5666533E-01,8.9599372E-01
FERRITIN,meandonationtime,2561,7.4384218E-01,8.9599372E-01
TROP_I,idbloodgroupcat,585,7.5734756E-01,8.9599372E-01
TRANSF,meandonorhb,57,7.4045377E-01,8.9599372E-01
K,meandonorhb,46333,7.3337298E-01,8.9599372E-01
TRANSF,timesincecat,58,7.4345667E-01,8.9599372E-01
RET,timesincecat,504,7.3432560E-01,8.9599372E-01
MYELO,timesincecat,362,7.4202349E-01,8.9599372E-01
K,timesincecat,46831,7.4980671E-01,8.9599372E-01
EGFR,foreigndonor,7823,7.3539790E-01,8.9599372E-01
BE,meandonorhb,19966,7.4115070E-01,8.9599372E-01
CO2,timesincecat,1079,7.4644011E-01,8.9599372E-01
TRI,meandonorage,2557,7.3183365E-01,8.9599372E-01
HAPTO,idbloodgroupcat,376,7.4778929E-01,8.9599372E-01
HBA1C,numdoncat,187,7.2917292E-01,8.9599372E-01
HAPTO,numdoncat,377,7.1577712E-01,8.9599372E-01
BILI_K,foreigndonor,4829,7.3730760E-01,8.9599372E-01
COHB,numdoncat,14202,7.4454126E-01,8.9599372E-01
METHB,donorparity,15596,7.6023390E-01,8.9713426E-01
ALP,idbloodgroupcat,6668,7.6341252E-01,8.9916274E-01
ALAT,meandonorage,16884,7.6705317E-01,9.0172662E-01
MCHC,meanweekday,23939,7.7272781E-01,9.0666729E-01
BILI,meanweekday,22365,7.7604832E-01,9.0712252E-01
FIB,timesincecat,13676,7.7606099E-01,9.0712252E-01
HBA1C,timesincecat,187,7.7777661E-01,9.0740605E-01
FIB,meandonorage,13667,7.8423155E-01,9.0889233E-01
NTPROBNP,meanweekday,826,7.8819414E-01,9.0889233E-01
CA_F,meandonorage,20361,7.8565912E-01,9.0889233E-01
ALAT,meanweekday,16887,7.8903161E-01,9.0889233E-01
TRANSF,donorparity,58,7.8257520E-01,9.0889233E-01
LYMF,meanstoragetime,1923,7.8992247E-01,9.0889233E-01
GLUKOS,meandonorhb,44137,7.9085436E-01,9.0889233E-01
NTPROBNP,timesincecat,826,7.8957328E-01,9.0889233E-01
NA,foreigndonor,46357,7.9363368E-01,9.1038798E-01
CL,timesincecat,21078,7.9720684E-01,9.1211904E-01
ALB,meandonorhb,22898,7.9810416E-01,9.1211904E-01
EOSINO,meandonorhb,1902,8.0202227E-01,9.1388863E-01
FE,timesincecat,1412,8.0261973E-01,9.1388863E-01
ALB,meandonorage,23087,8.0696359E-01,9.1713943E-01
BILI_K,meandonorsex,4829,8.0894807E-01,9.1770168E-01
NA,meanweekday,46342,8.1445093E-01,9.1816229E-01
METHB,meanweekday,15599,8.1105752E-01,9.1816229E-01
GT,donorparity,7740,8.1430523E-01,9.1816229E-01
MYELO,idbloodgroupcat,362,8.1531619E-01,9.1816229E-01
MONO,meandonationtime,1931,8.2287121E-01,9.1823182E-01
FERRITIN,meandonorsex,2570,8.2129564E-01,9.1823182E-01
CA_F,meandonorsex,20362,8.1849473E-01,9.1823182E-01
HBA1C,foreigndonor,187,8.2138754E-01,9.1823182E-01
EOSINO,foreigndonor,1923,8.2432175E-01,9.1823182E-01
INR,timesincecat,27937,8.2384292E-01,9.1823182E-01
NA,timesincecat,46357,8.2844506E-01,9.1961085E-01
FERRITIN,idbloodgroupcat,2568,8.2854549E-01,9.1961085E-01
PH,timesincecat,20421,8.3090957E-01,9.2057607E-01
LAKTAT,timesincecat,18887,8.3287114E-01,9.2109268E-01
COHB,meandonationtime,14161,8.3743435E-01,9.2447950E-01
OSMO,timesincecat,6503,8.3912774E-01,9.2469175E-01
ALP,numdoncat,6681,8.4873268E-01,9.2534395E-01
CA,meanweekday,12739,8.4132441E-01,9.2534395E-01
METHB,meanstoragetime,15589,8.4605392E-01,9.2534395E-01
TROP_I,meandonorhb,585,8.4452544E-01,9.2534395E-01
NEUTRO,meandonorhb,10790,8.4798007E-01,9.2534395E-01
MONO,timesincecat,1934,8.4345590E-01,9.2534395E-01
CA_F,meanstoragetime,20343,8.5180832E-01,9.2705641E-01
CA,meanstoragetime,12722,8.5442114E-01,9.2826000E-01
BILI,foreigndonor,22370,8.6027490E-01,9.3297419E-01
NA,donorparity,46335,8.6398178E-01,9.3517131E-01
FIB,foreigndonor,13676,8.6685523E-01,9.3517131E-01
STDBIK,numdoncat,20307,8.6580885E-01,9.3517131E-01
FERRITIN,meandonorage,2570,8.6859285E-01,9.3540769E-01
SR,foreigndonor,91,8.7301910E-01,9.3853362E-01
BASOF,meandonorhb,1919,8.8247681E-01,9.4704829E-01
SR,timesincecat,91,8.8408469E-01,9.4712377E-01
TPK,foreigndonor,54143,8.9224554E-01,9.5059193E-01
PCO2,meandonationtime,16428,8.9328240E-01,9.5059193E-01
NEUTRO,meandonorsex,10910,8.9332573E-01,9.5059193E-01
ALB,meandonorsex,23087,8.9349469E-01,9.5059193E-01
EOSINO,meandonorage,1923,8.9552800E-01,9.5111249E-01
NEUTRO,timesincecat,10915,8.9922845E-01,9.5339884E-01
NA,meanstoragetime,46274,9.0840946E-01,9.6020386E-01
CRP,meandonorsex,47663,9.0896447E-01,9.6020386E-01
HBA1C,idbloodgroupcat,187,9.1032314E-01,9.6020386E-01
TRANSF,meanweekday,58,9.1758603E-01,9.6621025E-01
TROP_T,meandonorhb,4324,9.2153555E-01,9.6871314E-01
NTPROBNP,donorparity,826,9.2349259E-01,9.6911658E-01
ALAT,meanstoragetime,16856,9.3215311E-01,9.7052659E-01
NTPROBNP,meandonorsex,826,9.3179088E-01,9.7052659E-01
META,meandonorsex,383,9.3744046E-01,9.7052659E-01
KREA,meandonorhb,49867,9.3349032E-01,9.7052659E-01
NA,idbloodgroupcat,46298,9.3653033E-01,9.7052659E-01
OSMO,numdoncat,6503,9.3455989E-01,9.7052659E-01
GT,idbloodgroupcat,7728,9.2886862E-01,9.7052659E-01
LYMF,meandonorage,1927,9.3523445E-01,9.7052659E-01
MONO,meanstoragetime,1930,9.4349096E-01,9.7515173E-01
CRP,donorparity,47663,9.4878468E-01,9.7730874E-01
LD,meandonorsex,6698,9.4820468E-01,9.7730874E-01
META,timesincecat,383,9.5033756E-01,9.7730874E-01
HBA1C,meandonorsex,187,9.5646885E-01,9.8197469E-01
ALB,timesincecat,23099,9.5979772E-01,9.8375274E-01
GT,meanweekday,7740,9.6647927E-01,9.8654408E-01
BILI_K,donorparity,4829,9.6732568E-01,9.8654408E-01
FE,numdoncat,1412,9.6472134E-01,9.8654408E-01
TROP_I,meandonorsex,585,9.7709071E-01,9.8798658E-01
CA_F,donorparity,20362,9.7229760E-01,9.8798658E-01
FE,meandonationtime,1406,9.7836333E-01,9.8798658E-01
TROP_I,timesincecat,585,9.7767591E-01,9.8798658E-01
FIB,idbloodgroupcat,13652,9.7465230E-01,9.8798658E-01
EOSINO,idbloodgroupcat,1921,9.7742459E-01,9.8798658E-01
APTT,foreigndonor,22125,9.8223482E-01,9.9027275E-01
TROP_I,donorparity,585,9.8751706E-01,9.9260056E-01
LPK,timesincecat,56365,9.8776647E-01,9.9260056E-01
LAKTAT,meanweekday,18882,9.9196301E-01,9.9519416E-01
TRI,meanweekday,2558,9.9508835E-01,9.9670638E-01
ERYTRO,meandonorage,36599,9.9823507E-01,9.9823507E-01
